{"stat.walkOneCm":9051,"stat.leaveGame":1,"stat.brewingstandInteraction":1,"stat.damageTaken":940,"stat.killEntity.Spider":1,"stat.mineBlock.minecraft.yellow_flower":1,"stat.mobKills":1,"stat.mineBlock.biomesoplenty.plant_0":7,"stat.flyOneCm":24401,"stat.mineBlock.minecraft.stained_glass_pane":4,"stat.deaths":3,"stat.jump":158,"stat.swimOneCm":11858,"stat.playOneMinute":7904,"stat.fallOneCm":6302,"stat.entityKilledBy.Zombie":2,"stat.climbOneCm":4453,"stat.sneakTime":319,"stat.entityKilledBy.Skeleton":1,"stat.damageDealt":142,"stat.pickup.minecraft.gunpowder":2,"stat.crouchOneCm":838,"stat.timeSinceDeath":926,"stat.mineBlock.minecraft.dirt":11,"stat.sprintOneCm":16571,"stat.mineBlock.minecraft.tallgrass":3,"stat.diveOneCm":5266}