{"stat.chestOpened":1,"stat.pickup.dynamictrees.acaciaseed":3,"stat.walkOneCm":35660,"stat.pickup.minecraft.stick":17,"stat.leaveGame":1,"stat.pickup.minecraft.crafting_table":4,"stat.mineBlock.minecraft.cobblestone":2,"stat.useItem.minecraft.cobblestone":5,"stat.furnaceInteraction":1,"stat.craftItem.minecraft.crafting_table":2,"stat.mineBlock.minecraft.yellow_flower":1,"stat.mineBlock.minecraft.double_plant":2,"stat.useItem.dynamictrees.oakseed":1,"stat.pickup.minecraft.log":22,"stat.mineBlock.minecraft.stained_glass_pane":8,"stat.mineBlock.minecraft.stained_glass":4,"stat.jump":729,"stat.swimOneCm":21309,"stat.fallOneCm":19717,"stat.climbOneCm":4453,"stat.useItem.minecraft.planks":3,"stat.entityKilledBy.Skeleton":2,"stat.pickup.minecraft.carrot":34,"stat.useItem.minecraft.stone_axe":7,"stat.pickup.minecraft.gunpowder":2,"stat.pickup.minecraft.stone":2,"stat.crouchOneCm":2742,"stat.mineBlock.minecraft.chest":1,"stat.pickup.minecraft.spider_eye":1,"stat.pickup.minecraft.dirt":15,"stat.useItem.minecraft.dirt":6,"stat.sprintOneCm":81768,"stat.pickup.biomesoplenty.flower_0":4,"stat.useItem.minecraft.stone_slab2":14,"stat.mineBlock.biomesoplenty.flower_0":2,"stat.craftItem.minecraft.stick":16,"stat.craftItem.minecraft.wooden_axe":1,"stat.craftingTableInteraction":15,"stat.entityKilledBy.mutantbeasts.mutant_skeleton":1,"stat.entityKilledBy.Spider":2,"stat.craftItem.minecraft.planks":88,"stat.craftItem.minecraft.stone_axe":3,"stat.mineBlock.minecraft.glass_pane":2,"stat.brewingstandInteraction":1,"stat.damageTaken":2618,"stat.killEntity.Spider":2,"stat.mineBlock.minecraft.crafting_table":4,"stat.craftItem.minecraft.stone_pickaxe":3,"stat.drop.biomesoplenty.flower_0":1,"stat.useItem.minecraft.wooden_pickaxe":11,"stat.mobKills":8,"stat.pickup.minecraft.cobblestone":51,"stat.pickup.dynamictrees.oakseed":7,"stat.craftItem.minecraft.wooden_sword":1,"stat.mineBlock.biomesoplenty.plant_0":13,"stat.pickup.minecraft.log2":1,"stat.pickup.minecraft.planks":3,"stat.craftItem.minecraft.stone_sword":3,"stat.flyOneCm":115454,"stat.deaths":10,"stat.mineBlock.minecraft.planks":3,"stat.pickup.minecraft.wheat_seeds":31,"stat.drop":2,"stat.playOneMinute":32204,"stat.entityKilledBy.Zombie":4,"stat.useItem.minecraft.wooden_sword":6,"stat.drop.minecraft.wheat_seeds":1,"stat.killEntity.Sheep":4,"stat.useItem.minecraft.stone_pickaxe":43,"stat.mineBlock.minecraft.glass":2,"stat.sneakTime":1297,"stat.pickup.minecraft.wool":4,"stat.damageDealt":963,"stat.killEntity.Zombie":2,"stat.timeSinceDeath":10985,"stat.useItem.minecraft.wooden_axe":10,"stat.mineBlock.minecraft.dirt":28,"stat.craftItem.minecraft.wooden_pickaxe":2,"stat.mineBlock.minecraft.stone":52,"stat.mineBlock.minecraft.tallgrass":18,"stat.diveOneCm":20153,"stat.pickup.minecraft.mutton":6,"stat.entityKilledBy.cyberskeleton":1,"stat.pickup.minecraft.wheat":14}