{"stat.pickup.dynamictrees.acaciaseed":3,"stat.pickup.minecraft.bone":25,"stat.pickup.minecraft.stone_pressure_plate":3,"stat.useItem.minecraft.iron_axe":31,"stat.leaveGame":2,"stat.mineBlock.minecraft.cobblestone":4,"stat.mineBlock.minecraft.yellow_flower":1,"stat.craftItem.minecraft.iron_axe":2,"stat.pickup.cyberware.katana":2,"stat.craftItem.minecraft.wool":3,"stat.drop.minecraft.shield":2,"stat.mineBlock.minecraft.sandstone":59,"stat.mineBlock.minecraft.stained_glass_pane":13,"stat.mineBlock.minecraft.stained_glass":6,"stat.swimOneCm":38621,"stat.climbOneCm":13499,"stat.useItem.minecraft.planks":104,"stat.craftItem.minecraft.shield":2,"stat.mineBlock.minecraft.web":3,"stat.pickup.minecraft.porkchop":4,"stat.useItem.minecraft.dirt":25,"stat.useItem.minecraft.stone_slab2":47,"stat.pickup.minecraft.bow":1,"stat.useItem.minecraft.water_bucket":10,"stat.pickup.minecraft.rotten_flesh":24,"stat.craftItem.minecraft.furnace":3,"stat.entityKilledBy.Spider":2,"stat.craftItem.minecraft.stone_axe":3,"stat.craftItem.minecraft.iron_boots":1,"stat.pickup.minecraft.anvil":1,"stat.craftItem.minecraft.stone_pickaxe":3,"stat.craftItem.minecraft.cooked_beef":8,"stat.killEntity.Enderman":1,"stat.pickup.cyberware.cybereye_upgrades":3,"stat.pickup.minecraft.cobblestone":115,"stat.craftItem.minecraft.stone_sword":3,"stat.flyOneCm":495294,"stat.pickup.dynamictrees.spruceseed":3,"stat.craftItem.minecraft.iron_shovel":1,"stat.pickup.minecraft.sandstone":26,"stat.craftItem.familiarfauna.venison_cooked":4,"stat.killEntity.familiarfauna.snail":1,"stat.killEntity.Witch":4,"stat.drop.minecraft.wheat_seeds":2,"stat.useItem.minecraft.cooked_beef":8,"stat.pickup.minecraft.cactus":2,"stat.craftItem.minecraft.wooden_hoe":1,"stat.mineBlock.minecraft.iron_ore":45,"stat.drop.cyberware.brain_upgrades":1,"stat.timeSinceDeath":97978,"stat.useItem.minecraft.iron_pickaxe":314,"stat.pickup.minecraft.stained_hardened_clay":8,"stat.craftItem.minecraft.wooden_pickaxe":2,"stat.pickup.minecraft.mutton":6,"stat.useItem.minecraft.iron_shovel":46,"stat.killEntity.Bat":1,"stat.pickup.dynamictrees.darkoakseed":8,"stat.craftItem.minecraft.bed":1,"stat.useItem.minecraft.potato":75,"stat.pickup.cyberware.brain_upgrades":1,"stat.pickup.minecraft.stonebrick":19,"stat.furnaceInteraction":83,"stat.drop.minecraft.dirt":8,"stat.pickup.minecraft.iron_shovel":1,"stat.killEntity.ZombieVillager":1,"stat.mineBlock.minecraft.coal_ore":67,"stat.pickup.minecraft.shield":1,"stat.killEntity.Creeper":2,"stat.talkedToVillager":6,"stat.mineBlock.minecraft.red_mushroom_block":2,"stat.pickup.minecraft.string":35,"stat.pickup.minecraft.beef":8,"stat.pickup.minecraft.furnace":6,"stat.drop.minecraft.stained_hardened_clay":3,"stat.entityKilledBy.Skeleton":2,"stat.craftItem.minecraft.stone_slab2":0,"stat.mineBlock.minecraft.stained_hardened_clay":45,"stat.sprintOneCm":321368,"stat.pickup.biomesoplenty.flower_0":9,"stat.mineBlock.biomesoplenty.flower_0":5,"stat.useItem.familiarfauna.venison_cooked":4,"stat.drop.minecraft.stone_pressure_plate":1,"stat.craftItem.minecraft.stick":24,"stat.craftItem.minecraft.wooden_axe":1,"stat.drop.cyberware.katana":1,"stat.craftItem.minecraft.stone":11,"stat.useItem.minecraft.wheat_seeds":1,"stat.mineBlock.minecraft.crafting_table":7,"stat.killEntity.Husk":4,"stat.mineBlock.minecraft.quartz_block":4,"stat.killEntity.familiarfauna.deer":2,"stat.useItem.minecraft.carrot":46,"stat.pickup.dynamictrees.oakseed":7,"stat.useItem.minecraft.dye":55,"stat.craftItem.minecraft.dark_oak_boat":1,"stat.mineBlock.minecraft.planks":3,"stat.deaths":10,"stat.drop":19,"stat.playOneMinute":119197,"stat.useItem.minecraft.wooden_sword":6,"stat.mineBlock.minecraft.stone_pressure_plate":2,"stat.killEntity.Sheep":4,"stat.craftItem.minecraft.iron_pickaxe":2,"stat.killEntity.Zombie":17,"stat.craftItem.minecraft.dye":57,"stat.mineBlock.minecraft.tallgrass":146,"stat.diveOneCm":72875,"stat.pickup.minecraft.wheat":26,"stat.chestOpened":63,"stat.useItem.minecraft.stone":3,"stat.pickup.minecraft.arrow":28,"stat.mineBlock.minecraft.anvil":1,"stat.drop.minecraft.iron_pickaxe":1,"stat.drop.minecraft.sandstone":6,"stat.craftItem.minecraft.iron_hoe":1,"stat.jump":2962,"stat.useItem.minecraft.wooden_hoe":59,"stat.pickup.minecraft.coal":129,"stat.fallOneCm":69764,"stat.useItem.minecraft.dark_oak_boat":1,"stat.pickup.minecraft.carrot":49,"stat.useItem.minecraft.stone_axe":11,"stat.pickup.minecraft.gunpowder":4,"stat.craftItem.minecraft.bread":16,"stat.crouchOneCm":13652,"stat.mineBlock.minecraft.chest":1,"stat.pickup.minecraft.spider_eye":14,"stat.craftItem.minecraft.torch":20,"stat.craftItem.minecraft.iron_ingot":43,"stat.craftItem.minecraft.chest":3,"stat.pickup.minecraft.dirt":71,"stat.craftItem.minecraft.iron_helmet":1,"stat.drop.minecraft.iron_shovel":1,"stat.useItem.minecraft.iron_hoe":20,"stat.craftingTableInteraction":48,"stat.pickup.minecraft.iron_ore":43,"stat.boatOneCm":80542,"stat.pickup.minecraft.iron_axe":1,"stat.mineBlock.minecraft.glass_pane":6,"stat.brewingstandInteraction":1,"stat.damageTaken":5839,"stat.pickup.minecraft.leather":2,"stat.mineBlock.minecraft.furnace":6,"stat.mineBlock.minecraft.torch":1,"stat.useItem.minecraft.wooden_pickaxe":11,"stat.useItem.minecraft.furnace":6,"stat.tradedWithVillager":4,"stat.craftItem.minecraft.wooden_sword":1,"stat.pickup.rewired.necrolimb":8,"stat.mineBlock.biomesoplenty.plant_0":69,"stat.pickup.minecraft.log2":35,"stat.pickup.minecraft.planks":3,"stat.pickup.minecraft.reeds":15,"stat.pickup.minecraft.wheat_seeds":119,"stat.pickup.minecraft.potato":100,"stat.entityKilledBy.Zombie":4,"stat.useItem.minecraft.stone_pickaxe":81,"stat.mineBlock.minecraft.glass":2,"stat.useItem.minecraft.stone_sword":27,"stat.craftItem.minecraft.iron_leggings":1,"stat.damageDealt":16924,"stat.craftItem.minecraft.baked_potato":12,"stat.killEntity.Cow":4,"stat.mineBlock.minecraft.dirt":75,"stat.killEntity.Pig":1,"stat.craftItem.minecraft.iron_sword":1,"stat.pickup.minecraft.poisonous_potato":1,"stat.killEntity.cyberzombie":3,"stat.walkOneCm":197239,"stat.useItem.minecraft.torch":18,"stat.useItem.minecraft.bread":9,"stat.pickup.minecraft.brewing_stand":2,"stat.useItem.minecraft.chest":2,"stat.pickup.minecraft.stick":28,"stat.useItem.cyberware.katana":267,"stat.drop.minecraft.rotten_flesh":12,"stat.pickup.minecraft.crafting_table":7,"stat.useItem.minecraft.cobblestone":43,"stat.craftItem.minecraft.crafting_table":3,"stat.mineBlock.minecraft.double_plant":3,"stat.pickup.cgm.handgun":1,"stat.useItem.dynamictrees.oakseed":1,"stat.killEntity.cyberskeleton":10,"stat.pickup.minecraft.log":30,"stat.pickup.minecraft.iron_pickaxe":1,"stat.craftItem.minecraft.stone_button":3,"stat.pickup.minecraft.stone":8,"stat.craftItem.minecraft.iron_chestplate":1,"stat.pickup.minecraft.baked_potato":10,"stat.useItem.minecraft.stained_hardened_clay":4,"stat.pickup.minecraft.ender_pearl":1,"stat.killEntity.Skeleton":17,"stat.pickup.minecraft.beetroot":9,"stat.pickup.dynamictrees.cactusseed":1,"stat.craftItem.minecraft.bucket":1,"stat.mineBlock.minecraft.stonebrick":21,"stat.craftItem.minecraft.planks":224,"stat.useItem.minecraft.iron_sword":51,"stat.killEntity.Spider":30,"stat.drop.biomesoplenty.flower_0":1,"stat.mobKills":104,"stat.useItem.minecraft.stonebrick":13,"stat.pickup.minecraft.book":60,"stat.mineBlock.minecraft.bookshelf":20,"stat.pickup.familiarfauna.venison_raw":4,"stat.pickup.minecraft.beetroot_seeds":38,"stat.pickup.minecraft.torch":1,"stat.sneakTime":4919,"stat.pickup.minecraft.wool":4,"stat.mineBlock.minecraft.cobblestone_wall":3,"stat.drop.minecraft.arrow":2,"stat.useItem.minecraft.baked_potato":16,"stat.useItem.minecraft.wooden_axe":10,"stat.mineBlock.minecraft.stone":133,"stat.entityKilledBy.cyberskeleton":1,"stat.useItem.minecraft.beetroot":3,"stat.useItem.minecraft.sandstone":1,"stat.craftItem.minecraft.enchanting_table":1}