{"stat.pickup.dynamictrees.acaciaseed":3,"stat.pickup.minecraft.bone":6,"stat.useItem.minecraft.iron_axe":4,"stat.leaveGame":2,"stat.mineBlock.minecraft.cobblestone":4,"stat.mineBlock.minecraft.yellow_flower":1,"stat.craftItem.minecraft.iron_axe":1,"stat.pickup.cyberware.katana":1,"stat.drop.minecraft.shield":2,"stat.mineBlock.minecraft.sandstone":33,"stat.mineBlock.minecraft.stained_glass_pane":8,"stat.mineBlock.minecraft.stained_glass":4,"stat.swimOneCm":27393,"stat.climbOneCm":5569,"stat.useItem.minecraft.planks":47,"stat.craftItem.minecraft.shield":2,"stat.pickup.minecraft.porkchop":4,"stat.useItem.minecraft.dirt":10,"stat.useItem.minecraft.stone_slab2":25,"stat.useItem.minecraft.water_bucket":1,"stat.pickup.minecraft.rotten_flesh":2,"stat.craftItem.minecraft.furnace":3,"stat.entityKilledBy.Spider":2,"stat.craftItem.minecraft.stone_axe":3,"stat.craftItem.minecraft.iron_boots":1,"stat.craftItem.minecraft.stone_pickaxe":3,"stat.killEntity.Enderman":1,"stat.pickup.cyberware.cybereye_upgrades":1,"stat.pickup.minecraft.cobblestone":101,"stat.craftItem.minecraft.stone_sword":3,"stat.flyOneCm":266005,"stat.pickup.dynamictrees.spruceseed":3,"stat.craftItem.minecraft.iron_shovel":1,"stat.pickup.minecraft.sandstone":5,"stat.craftItem.familiarfauna.venison_cooked":4,"stat.killEntity.familiarfauna.snail":1,"stat.killEntity.Witch":3,"stat.drop.minecraft.wheat_seeds":1,"stat.pickup.minecraft.cactus":2,"stat.mineBlock.minecraft.iron_ore":45,"stat.timeSinceDeath":48478,"stat.useItem.minecraft.iron_pickaxe":174,"stat.pickup.minecraft.stained_hardened_clay":1,"stat.craftItem.minecraft.wooden_pickaxe":2,"stat.pickup.minecraft.mutton":6,"stat.useItem.minecraft.iron_shovel":15,"stat.killEntity.Bat":1,"stat.pickup.dynamictrees.darkoakseed":4,"stat.pickup.minecraft.stonebrick":4,"stat.furnaceInteraction":43,"stat.mineBlock.minecraft.coal_ore":67,"stat.pickup.minecraft.shield":1,"stat.talkedToVillager":2,"stat.mineBlock.minecraft.red_mushroom_block":2,"stat.pickup.minecraft.string":11,"stat.pickup.minecraft.beef":8,"stat.pickup.minecraft.furnace":2,"stat.entityKilledBy.Skeleton":2,"stat.craftItem.minecraft.stone_slab2":0,"stat.mineBlock.minecraft.stained_hardened_clay":1,"stat.sprintOneCm":187385,"stat.pickup.biomesoplenty.flower_0":6,"stat.mineBlock.biomesoplenty.flower_0":2,"stat.useItem.familiarfauna.venison_cooked":4,"stat.craftItem.minecraft.stick":24,"stat.craftItem.minecraft.wooden_axe":1,"stat.mineBlock.minecraft.crafting_table":5,"stat.killEntity.Husk":1,"stat.killEntity.familiarfauna.deer":2,"stat.useItem.minecraft.carrot":15,"stat.pickup.dynamictrees.oakseed":7,"stat.mineBlock.minecraft.planks":3,"stat.deaths":10,"stat.drop":4,"stat.playOneMinute":69697,"stat.useItem.minecraft.wooden_sword":6,"stat.mineBlock.minecraft.stone_pressure_plate":1,"stat.killEntity.Sheep":4,"stat.craftItem.minecraft.iron_pickaxe":2,"stat.killEntity.Zombie":3,"stat.mineBlock.minecraft.tallgrass":43,"stat.diveOneCm":51146,"stat.pickup.minecraft.wheat":26,"stat.chestOpened":8,"stat.useItem.minecraft.stone":3,"stat.pickup.minecraft.arrow":4,"stat.jump":1734,"stat.pickup.minecraft.coal":110,"stat.fallOneCm":45840,"stat.pickup.minecraft.carrot":46,"stat.useItem.minecraft.stone_axe":11,"stat.pickup.minecraft.gunpowder":2,"stat.crouchOneCm":9011,"stat.mineBlock.minecraft.chest":1,"stat.pickup.minecraft.spider_eye":5,"stat.craftItem.minecraft.torch":12,"stat.craftItem.minecraft.iron_ingot":43,"stat.pickup.minecraft.dirt":35,"stat.craftItem.minecraft.iron_helmet":1,"stat.craftingTableInteraction":34,"stat.pickup.minecraft.iron_ore":43,"stat.mineBlock.minecraft.glass_pane":2,"stat.brewingstandInteraction":1,"stat.damageTaken":3705,"stat.pickup.minecraft.leather":2,"stat.mineBlock.minecraft.furnace":2,"stat.useItem.minecraft.wooden_pickaxe":11,"stat.useItem.minecraft.furnace":1,"stat.craftItem.minecraft.wooden_sword":1,"stat.mineBlock.biomesoplenty.plant_0":17,"stat.pickup.minecraft.log2":29,"stat.pickup.minecraft.planks":3,"stat.pickup.minecraft.reeds":10,"stat.pickup.minecraft.wheat_seeds":98,"stat.pickup.minecraft.potato":25,"stat.entityKilledBy.Zombie":4,"stat.useItem.minecraft.stone_pickaxe":81,"stat.mineBlock.minecraft.glass":2,"stat.useItem.minecraft.stone_sword":27,"stat.craftItem.minecraft.iron_leggings":1,"stat.damageDealt":5560,"stat.killEntity.Cow":4,"stat.mineBlock.minecraft.dirt":49,"stat.killEntity.Pig":1,"stat.craftItem.minecraft.iron_sword":1,"stat.walkOneCm":91061,"stat.useItem.minecraft.torch":11,"stat.pickup.minecraft.stick":26,"stat.useItem.cyberware.katana":36,"stat.pickup.minecraft.crafting_table":5,"stat.useItem.minecraft.cobblestone":43,"stat.craftItem.minecraft.crafting_table":3,"stat.mineBlock.minecraft.double_plant":2,"stat.pickup.cgm.handgun":1,"stat.useItem.dynamictrees.oakseed":1,"stat.killEntity.cyberskeleton":2,"stat.pickup.minecraft.log":30,"stat.pickup.minecraft.stone":8,"stat.craftItem.minecraft.iron_chestplate":1,"stat.pickup.minecraft.ender_pearl":1,"stat.killEntity.Skeleton":4,"stat.pickup.minecraft.beetroot":9,"stat.pickup.dynamictrees.cactusseed":1,"stat.craftItem.minecraft.bucket":1,"stat.mineBlock.minecraft.stonebrick":5,"stat.craftItem.minecraft.planks":200,"stat.useItem.minecraft.iron_sword":51,"stat.killEntity.Spider":7,"stat.drop.biomesoplenty.flower_0":1,"stat.mobKills":34,"stat.useItem.minecraft.stonebrick":3,"stat.pickup.familiarfauna.venison_raw":4,"stat.pickup.minecraft.beetroot_seeds":38,"stat.sneakTime":3264,"stat.pickup.minecraft.wool":4,"stat.useItem.minecraft.wooden_axe":10,"stat.mineBlock.minecraft.stone":108,"stat.entityKilledBy.cyberskeleton":1,"stat.useItem.minecraft.beetroot":3}