{"stat.chestOpened":1,"stat.pickup.dynamictrees.acaciaseed":3,"stat.walkOneCm":24022,"stat.pickup.minecraft.stick":10,"stat.leaveGame":1,"stat.pickup.minecraft.crafting_table":2,"stat.useItem.minecraft.cobblestone":2,"stat.furnaceInteraction":1,"stat.craftItem.minecraft.crafting_table":1,"stat.mineBlock.minecraft.yellow_flower":1,"stat.mineBlock.minecraft.double_plant":1,"stat.useItem.dynamictrees.oakseed":1,"stat.pickup.minecraft.log":13,"stat.mineBlock.minecraft.stained_glass_pane":8,"stat.mineBlock.minecraft.stained_glass":4,"stat.jump":496,"stat.swimOneCm":13224,"stat.fallOneCm":13780,"stat.climbOneCm":4453,"stat.useItem.minecraft.planks":1,"stat.entityKilledBy.Skeleton":1,"stat.useItem.minecraft.stone_axe":1,"stat.pickup.minecraft.gunpowder":2,"stat.pickup.minecraft.stone":2,"stat.crouchOneCm":1940,"stat.mineBlock.minecraft.chest":1,"stat.pickup.minecraft.spider_eye":1,"stat.pickup.minecraft.dirt":9,"stat.useItem.minecraft.dirt":4,"stat.sprintOneCm":61339,"stat.pickup.biomesoplenty.flower_0":1,"stat.useItem.minecraft.stone_slab2":6,"stat.craftItem.minecraft.stick":4,"stat.craftItem.minecraft.wooden_axe":1,"stat.craftingTableInteraction":6,"stat.entityKilledBy.mutantbeasts.mutant_skeleton":1,"stat.entityKilledBy.Spider":1,"stat.craftItem.minecraft.planks":52,"stat.craftItem.minecraft.stone_axe":1,"stat.mineBlock.minecraft.glass_pane":2,"stat.brewingstandInteraction":1,"stat.damageTaken":1716,"stat.killEntity.Spider":2,"stat.mineBlock.minecraft.crafting_table":2,"stat.craftItem.minecraft.stone_pickaxe":1,"stat.useItem.minecraft.wooden_pickaxe":3,"stat.mobKills":8,"stat.pickup.minecraft.cobblestone":17,"stat.pickup.dynamictrees.oakseed":7,"stat.craftItem.minecraft.wooden_sword":1,"stat.mineBlock.biomesoplenty.plant_0":11,"stat.pickup.minecraft.log2":1,"stat.pickup.minecraft.planks":1,"stat.craftItem.minecraft.stone_sword":1,"stat.flyOneCm":71290,"stat.deaths":7,"stat.mineBlock.minecraft.planks":1,"stat.pickup.minecraft.wheat_seeds":1,"stat.playOneMinute":19604,"stat.entityKilledBy.Zombie":3,"stat.useItem.minecraft.wooden_sword":6,"stat.killEntity.Sheep":4,"stat.useItem.minecraft.stone_pickaxe":17,"stat.mineBlock.minecraft.glass":2,"stat.sneakTime":613,"stat.pickup.minecraft.wool":4,"stat.damageDealt":862,"stat.killEntity.Zombie":2,"stat.timeSinceDeath":91,"stat.useItem.minecraft.wooden_axe":10,"stat.mineBlock.minecraft.dirt":22,"stat.craftItem.minecraft.wooden_pickaxe":1,"stat.mineBlock.minecraft.stone":20,"stat.mineBlock.minecraft.tallgrass":14,"stat.diveOneCm":13261,"stat.pickup.minecraft.mutton":6,"stat.entityKilledBy.cyberskeleton":1}