{"stat.chestOpened":1,"stat.pickup.dynamictrees.acaciaseed":3,"stat.leaveGame":1,"stat.mineBlock.minecraft.cobblestone":3,"stat.mineBlock.minecraft.yellow_flower":1,"stat.drop.minecraft.shield":2,"stat.mineBlock.minecraft.stained_glass_pane":8,"stat.mineBlock.minecraft.stained_glass":4,"stat.jump":1060,"stat.swimOneCm":23125,"stat.pickup.minecraft.coal":20,"stat.fallOneCm":28204,"stat.climbOneCm":4453,"stat.useItem.minecraft.planks":3,"stat.craftItem.minecraft.shield":2,"stat.pickup.minecraft.carrot":46,"stat.useItem.minecraft.stone_axe":11,"stat.pickup.minecraft.gunpowder":2,"stat.pickup.minecraft.porkchop":2,"stat.crouchOneCm":5740,"stat.mineBlock.minecraft.chest":1,"stat.pickup.minecraft.spider_eye":1,"stat.craftItem.minecraft.torch":12,"stat.craftItem.minecraft.iron_ingot":6,"stat.pickup.minecraft.dirt":21,"stat.useItem.minecraft.dirt":10,"stat.useItem.minecraft.stone_slab2":19,"stat.craftingTableInteraction":21,"stat.pickup.minecraft.iron_ore":6,"stat.craftItem.minecraft.furnace":1,"stat.entityKilledBy.Spider":2,"stat.craftItem.minecraft.stone_axe":3,"stat.mineBlock.minecraft.glass_pane":2,"stat.brewingstandInteraction":1,"stat.damageTaken":2698,"stat.craftItem.minecraft.stone_pickaxe":3,"stat.useItem.minecraft.wooden_pickaxe":11,"stat.pickup.minecraft.cobblestone":63,"stat.craftItem.minecraft.wooden_sword":1,"stat.mineBlock.biomesoplenty.plant_0":16,"stat.pickup.minecraft.log2":29,"stat.pickup.minecraft.planks":3,"stat.craftItem.minecraft.stone_sword":3,"stat.flyOneCm":172971,"stat.pickup.dynamictrees.spruceseed":3,"stat.pickup.minecraft.wheat_seeds":81,"stat.pickup.minecraft.potato":25,"stat.killEntity.familiarfauna.snail":1,"stat.entityKilledBy.Zombie":4,"stat.drop.minecraft.wheat_seeds":1,"stat.useItem.minecraft.stone_pickaxe":81,"stat.mineBlock.minecraft.glass":2,"stat.useItem.minecraft.stone_sword":10,"stat.damageDealt":1243,"stat.mineBlock.minecraft.iron_ore":6,"stat.timeSinceDeath":22685,"stat.mineBlock.minecraft.dirt":34,"stat.useItem.minecraft.iron_pickaxe":3,"stat.craftItem.minecraft.wooden_pickaxe":2,"stat.killEntity.Pig":1,"stat.pickup.minecraft.mutton":6,"stat.pickup.dynamictrees.darkoakseed":4,"stat.walkOneCm":53794,"stat.useItem.minecraft.torch":3,"stat.pickup.minecraft.stick":25,"stat.pickup.minecraft.crafting_table":4,"stat.useItem.minecraft.cobblestone":19,"stat.pickup.minecraft.stonebrick":3,"stat.furnaceInteraction":9,"stat.craftItem.minecraft.crafting_table":2,"stat.mineBlock.minecraft.double_plant":2,"stat.mineBlock.minecraft.coal_ore":19,"stat.pickup.minecraft.shield":1,"stat.useItem.dynamictrees.oakseed":1,"stat.talkedToVillager":2,"stat.pickup.minecraft.log":30,"stat.entityKilledBy.Skeleton":2,"stat.craftItem.minecraft.stone_slab2":0,"stat.pickup.minecraft.stone":2,"stat.sprintOneCm":134269,"stat.pickup.biomesoplenty.flower_0":4,"stat.mineBlock.biomesoplenty.flower_0":2,"stat.craftItem.minecraft.stick":16,"stat.craftItem.minecraft.wooden_axe":1,"stat.pickup.minecraft.beetroot":9,"stat.entityKilledBy.mutantbeasts.mutant_skeleton":1,"stat.mineBlock.minecraft.stonebrick":4,"stat.craftItem.minecraft.planks":88,"stat.killEntity.Spider":2,"stat.mineBlock.minecraft.crafting_table":4,"stat.drop.biomesoplenty.flower_0":1,"stat.killEntity.familiarfauna.deer":2,"stat.mobKills":12,"stat.pickup.dynamictrees.oakseed":7,"stat.pickup.familiarfauna.venison_raw":4,"stat.mineBlock.minecraft.planks":3,"stat.deaths":10,"stat.drop":4,"stat.pickup.minecraft.beetroot_seeds":19,"stat.playOneMinute":43904,"stat.useItem.minecraft.wooden_sword":6,"stat.killEntity.Sheep":4,"stat.sneakTime":2087,"stat.craftItem.minecraft.iron_pickaxe":1,"stat.pickup.minecraft.wool":4,"stat.killEntity.Zombie":2,"stat.useItem.minecraft.wooden_axe":10,"stat.mineBlock.minecraft.stone":63,"stat.mineBlock.minecraft.tallgrass":19,"stat.diveOneCm":48809,"stat.entityKilledBy.cyberskeleton":1,"stat.pickup.minecraft.wheat":26}