{"stat.craftItem.minecraft.stone_shovel":1,"stat.walkOneCm":17512,"stat.pickup.cgm.basic_ammo":192,"stat.pickup.minecraft.gravel":2,"stat.pickup.minecraft.crafting_table":2,"stat.mineBlock.minecraft.cobblestone":2,"stat.useItem.minecraft.cobblestone":1,"stat.pickup.cfm.modern_bed_bottom":1,"stat.craftItem.minecraft.crafting_table":1,"stat.drop.minecraft.dirt":8,"stat.useItem.minecraft.gravel":1,"stat.useItem.minecraft.cooked_porkchop":1,"stat.drop.minecraft.beetroot_seeds":1,"stat.pickup.cgm.handgun":1,"stat.pickup.minecraft.leather_chestplate":1,"stat.mineBlock.minecraft.coal_ore":9,"stat.swimOneCm":772,"stat.jump":99,"stat.pickup.minecraft.coal":9,"stat.fallOneCm":2357,"stat.pickup.minecraft.cooked_porkchop":64,"stat.useItem.minecraft.stone_axe":3,"stat.pickup.minecraft.leather_helmet":1,"stat.craftItem.minecraft.torch":8,"stat.pickup.minecraft.dirt":8,"stat.sprintOneCm":7212,"stat.useItem.minecraft.stone_slab2":7,"stat.craftItem.minecraft.stick":16,"stat.craftingTableInteraction":7,"stat.craftItem.minecraft.planks":60,"stat.craftItem.minecraft.stone_axe":1,"stat.damageTaken":477,"stat.mineBlock.minecraft.crafting_table":2,"stat.craftItem.minecraft.stone_pickaxe":1,"stat.useItem.minecraft.wooden_pickaxe":12,"stat.pickup.minecraft.cobblestone":17,"stat.pickup.minecraft.leather_leggings":1,"stat.pickup.minecraft.log2":66,"stat.pickup.minecraft.leather_boots":1,"stat.useItem.minecraft.stone_shovel":2,"stat.craftItem.minecraft.stone_sword":1,"stat.flyOneCm":23135,"stat.deaths":1,"stat.pickup.minecraft.sandstone":1,"stat.pickup.minecraft.wheat_seeds":2,"stat.drop":11,"stat.pickup.minecraft.beetroot_seeds":1,"stat.playOneMinute":14322,"stat.entityKilledBy.Zombie":1,"stat.drop.minecraft.wheat_seeds":2,"stat.pickup.minecraft.torch":1,"stat.mineBlock.minecraft.gravel":2,"stat.useItem.minecraft.stone_pickaxe":16,"stat.sneakTime":29,"stat.damageDealt":170,"stat.timeSinceDeath":8977,"stat.craftItem.minecraft.wooden_pickaxe":2,"stat.mineBlock.minecraft.stone":17,"stat.diveOneCm":1339}