{"stat.pickup.minecraft.bone":3,"stat.leaveGame":1,"stat.mineBlock.minecraft.cobblestone":2,"stat.pickup.cfm.modern_bed_bottom":4,"stat.pickup.minecraft.leather_chestplate":1,"stat.swimOneCm":6303,"stat.craftItem.minecraft.shield":1,"stat.useItem.minecraft.planks":6,"stat.pickup.minecraft.cooked_porkchop":64,"stat.useItem.minecraft.dirt":5,"stat.useItem.minecraft.stone_slab2":11,"stat.pickup.minecraft.rotten_flesh":2,"stat.craftItem.minecraft.furnace":1,"stat.craftItem.minecraft.stone_axe":1,"stat.craftItem.minecraft.stone_pickaxe":1,"stat.pickup.minecraft.cobblestone":28,"stat.pickup.minecraft.leather_boots":1,"stat.useItem.minecraft.stone_shovel":16,"stat.craftItem.minecraft.stone_sword":1,"stat.flyOneCm":88540,"stat.pickup.minecraft.sandstone":1,"stat.drop.minecraft.wheat_seeds":5,"stat.mineBlock.minecraft.iron_ore":5,"stat.timeSinceDeath":30760,"stat.craftItem.minecraft.wooden_pickaxe":2,"stat.pickup.cgm.basic_ammo":192,"stat.furnaceInteraction":3,"stat.drop.minecraft.dirt":8,"stat.useItem.minecraft.cooked_porkchop":9,"stat.drop.minecraft.beetroot_seeds":1,"stat.mineBlock.minecraft.coal_ore":9,"stat.talkedToVillager":1,"stat.pickup.minecraft.string":4,"stat.pickup.minecraft.furnace":1,"stat.craftItem.minecraft.stone_slab2":0,"stat.pickup.minecraft.leather_helmet":1,"stat.sprintOneCm":52984,"stat.craftItem.minecraft.stick":16,"stat.mineBlock.minecraft.crafting_table":3,"stat.killEntity.familiarfauna.deer":1,"stat.pickup.minecraft.leather_leggings":1,"stat.deaths":1,"stat.mineBlock.minecraft.planks":1,"stat.drop":14,"stat.playOneMinute":36105,"stat.killEntity.Zombie":4,"stat.mineBlock.minecraft.tallgrass":3,"stat.diveOneCm":13825,"stat.pickup.minecraft.gravel":2,"stat.pickup.minecraft.arrow":4,"stat.jump":507,"stat.pickup.minecraft.coal":15,"stat.fallOneCm":12223,"stat.pickup.minecraft.iron_ingot":3,"stat.useItem.minecraft.stone_axe":6,"stat.pickup.minecraft.spider_eye":3,"stat.craftItem.minecraft.torch":8,"stat.craftItem.minecraft.iron_ingot":2,"stat.pickup.minecraft.dirt":23,"stat.craftingTableInteraction":9,"stat.pickup.minecraft.iron_ore":5,"stat.damageTaken":1135,"stat.mineBlock.minecraft.furnace":1,"stat.useItem.minecraft.wooden_pickaxe":12,"stat.pickup.minecraft.log2":66,"stat.mineBlock.biomesoplenty.plant_0":3,"stat.pickup.minecraft.planks":1,"stat.pickup.minecraft.wheat_seeds":5,"stat.entityKilledBy.Zombie":1,"stat.mineBlock.minecraft.gravel":2,"stat.useItem.minecraft.stone_pickaxe":34,"stat.useItem.minecraft.stone_sword":40,"stat.damageDealt":1715,"stat.sleepInBed":1,"stat.useItem.biomesoplenty.berries":1,"stat.mineBlock.minecraft.dirt":15,"stat.craftItem.minecraft.stone_shovel":1,"stat.killEntity.cyberzombie":1,"stat.walkOneCm":86084,"stat.useItem.minecraft.torch":4,"stat.pickup.minecraft.crafting_table":3,"stat.useItem.minecraft.cobblestone":1,"stat.craftItem.minecraft.crafting_table":1,"stat.useItem.minecraft.gravel":1,"stat.pickup.cgm.handgun":1,"stat.killEntity.cyberskeleton":1,"stat.killEntity.Skeleton":2,"stat.craftItem.minecraft.planks":60,"stat.killEntity.Spider":6,"stat.pickup.biomesoplenty.berries":1,"stat.mobKills":15,"stat.pickup.familiarfauna.venison_raw":2,"stat.pickup.minecraft.beetroot_seeds":1,"stat.pickup.minecraft.torch":1,"stat.sneakTime":51,"stat.mineBlock.minecraft.stone":28}