{"stat.pickup.minecraft.bone":5,"stat.leaveGame":2,"stat.mineBlock.minecraft.cobblestone":2,"stat.pickup.cfm.modern_bed_bottom":5,"stat.pickup.minecraft.leather_chestplate":1,"stat.pickup.cyberware.bone_upgrades":1,"stat.pickup.cyberware.katana":1,"stat.swimOneCm":9206,"stat.craftItem.minecraft.shield":1,"stat.useItem.minecraft.planks":6,"stat.climbOneCm":188,"stat.pickup.minecraft.cooked_porkchop":64,"stat.useItem.minecraft.dirt":13,"stat.useItem.minecraft.stone_slab2":12,"stat.pickup.minecraft.rotten_flesh":18,"stat.craftItem.minecraft.furnace":1,"stat.craftItem.minecraft.stone_axe":1,"stat.pickup.minecraft.cobblestone_wall":2,"stat.craftItem.minecraft.stone_pickaxe":1,"stat.pickup.minecraft.cobblestone":28,"stat.pickup.minecraft.leather_boots":1,"stat.useItem.minecraft.stone_shovel":20,"stat.craftItem.minecraft.stone_sword":1,"stat.flyOneCm":134293,"stat.pickup.minecraft.sandstone":1,"stat.drop.minecraft.wheat_seeds":5,"stat.mineBlock.minecraft.iron_ore":5,"stat.timeSinceDeath":46678,"stat.craftItem.minecraft.wooden_pickaxe":2,"stat.pickup.cgm.basic_ammo":192,"stat.furnaceInteraction":3,"stat.pickup.minecraft.spruce_fence":1,"stat.drop.minecraft.dirt":8,"stat.useItem.minecraft.cooked_porkchop":15,"stat.drop.minecraft.beetroot_seeds":1,"stat.mineBlock.minecraft.coal_ore":9,"stat.killEntity.Creeper":2,"stat.talkedToVillager":2,"stat.pickup.minecraft.string":6,"stat.pickup.minecraft.furnace":1,"stat.craftItem.minecraft.stone_slab2":0,"stat.pickup.minecraft.leather_helmet":1,"stat.sprintOneCm":98267,"stat.craftItem.minecraft.stick":16,"stat.mineBlock.minecraft.crafting_table":3,"stat.killEntity.familiarfauna.deer":1,"stat.pickup.minecraft.leather_leggings":1,"stat.deaths":1,"stat.mineBlock.minecraft.planks":2,"stat.drop":14,"stat.playOneMinute":52023,"stat.killEntity.Zombie":22,"stat.mineBlock.minecraft.tallgrass":3,"stat.diveOneCm":20966,"stat.pickup.minecraft.gravel":2,"stat.pickup.minecraft.arrow":5,"stat.pickup.minecraft.wooden_pressure_plate":1,"stat.jump":759,"stat.pickup.minecraft.coal":15,"stat.fallOneCm":17039,"stat.pickup.minecraft.iron_ingot":3,"stat.useItem.minecraft.stone_axe":13,"stat.pickup.minecraft.gunpowder":4,"stat.crouchOneCm":146,"stat.pickup.minecraft.spider_eye":3,"stat.craftItem.minecraft.torch":8,"stat.craftItem.minecraft.iron_ingot":2,"stat.pickup.minecraft.dirt":28,"stat.craftingTableInteraction":9,"stat.pickup.minecraft.iron_ore":5,"stat.damageTaken":1696,"stat.mineBlock.minecraft.furnace":1,"stat.mineBlock.minecraft.torch":1,"stat.useItem.minecraft.wooden_pickaxe":12,"stat.pickup.minecraft.log2":66,"stat.mineBlock.biomesoplenty.plant_0":3,"stat.pickup.minecraft.planks":2,"stat.mineBlock.minecraft.spruce_fence":1,"stat.pickup.minecraft.wheat_seeds":6,"stat.entityKilledBy.Zombie":1,"stat.mineBlock.minecraft.gravel":2,"stat.useItem.minecraft.stone_pickaxe":36,"stat.useItem.minecraft.stone_sword":51,"stat.damageDealt":2326,"stat.sleepInBed":2,"stat.useItem.biomesoplenty.berries":1,"stat.mineBlock.minecraft.dirt":20,"stat.craftItem.minecraft.stone_shovel":1,"stat.killEntity.cyberzombie":1,"stat.walkOneCm":155520,"stat.useItem.minecraft.torch":5,"stat.pickup.minecraft.crafting_table":3,"stat.useItem.minecraft.cobblestone":1,"stat.craftItem.minecraft.crafting_table":1,"stat.useItem.minecraft.gravel":1,"stat.pickup.cgm.handgun":1,"stat.killEntity.cyberskeleton":2,"stat.killEntity.Skeleton":6,"stat.craftItem.minecraft.planks":60,"stat.killEntity.Spider":7,"stat.pickup.biomesoplenty.berries":1,"stat.mobKills":44,"stat.pickup.familiarfauna.venison_raw":2,"stat.pickup.minecraft.beetroot_seeds":1,"stat.pickup.minecraft.torch":2,"stat.sneakTime":138,"stat.mineBlock.minecraft.cobblestone_wall":2,"stat.mineBlock.minecraft.stone":28}