{"stat.killEntity.cyberzombie":1,"stat.walkOneCm":31163,"stat.pickup.minecraft.bone":2,"stat.pickup.cgm.basic_ammo":192,"stat.pickup.minecraft.stick":28,"stat.drop.minecraft.wooden_pickaxe":1,"stat.leaveGame":1,"stat.drop.minecraft.rotten_flesh":4,"stat.pickup.minecraft.arrow":3,"stat.craftItem.minecraft.cooked_porkchop":11,"stat.pickup.minecraft.crafting_table":1,"stat.craftItem.minecraft.crafting_table":2,"stat.furnaceInteraction":5,"stat.mineBlock.minecraft.yellow_flower":1,"stat.useItem.minecraft.cooked_porkchop":3,"stat.pickup.cgm.handgun":1,"stat.pickup.minecraft.leather_chestplate":1,"stat.pickup.cyberware.hand_upgrades":2,"stat.killEntity.cyberskeleton":2,"stat.pickup.minecraft.log":34,"stat.jump":429,"stat.swimOneCm":11588,"stat.fallOneCm":8988,"stat.climbOneCm":2286,"stat.pickup.minecraft.furnace":1,"stat.entityKilledBy.cyberzombie":1,"stat.pickup.minecraft.cooked_porkchop":1,"stat.drop.minecraft.wooden_button":8,"stat.craftItem.minecraft.stone_slab2":0,"stat.useItem.minecraft.stone_axe":13,"stat.pickup.minecraft.porkchop":23,"stat.crouchOneCm":7804,"stat.pickup.minecraft.leather_helmet":1,"stat.pickup.minecraft.dirt":12,"stat.useItem.minecraft.dirt":5,"stat.sprintOneCm":52053,"stat.useItem.minecraft.stone_slab2":6,"stat.craftItem.minecraft.stick":12,"stat.craftingTableInteraction":5,"stat.pickup.minecraft.rotten_flesh":4,"stat.killEntity.Skeleton":1,"stat.craftItem.minecraft.furnace":1,"stat.craftItem.minecraft.planks":176,"stat.craftItem.minecraft.stone_axe":1,"stat.mineBlock.minecraft.log2":10,"stat.pickup.minecraft.wooden_pickaxe":2,"stat.damageTaken":1399,"stat.killEntity.Spider":2,"stat.mineBlock.minecraft.crafting_table":1,"stat.craftItem.minecraft.wooden_button":8,"stat.craftItem.minecraft.stone_pickaxe":1,"stat.mineBlock.minecraft.furnace":1,"stat.useItem.minecraft.wooden_pickaxe":3,"stat.mobKills":24,"stat.pickup.minecraft.cobblestone":28,"stat.pickup.minecraft.leather_leggings":1,"stat.pickup.dynamictrees.oakseed":9,"stat.pickup.minecraft.log2":10,"stat.pickup.minecraft.leather_boots":1,"stat.pickup.minecraft.planks":1,"stat.pickup.minecraft.reeds":14,"stat.flyOneCm":75240,"stat.deaths":4,"stat.drop":4,"stat.pickup.minecraft.wheat_seeds":1,"stat.playOneMinute":28489,"stat.killEntity.familiarfauna.snail":1,"stat.entityKilledBy.Zombie":2,"stat.useItem.minecraft.stone_pickaxe":27,"stat.sneakTime":3301,"stat.damageDealt":712,"stat.killEntity.Zombie":3,"stat.timeSinceDeath":16265,"stat.pickup.minecraft.yellow_flower":1,"stat.pickup.cyberware.cybereyes":1,"stat.mineBlock.minecraft.dirt":14,"stat.killEntity.Pig":13,"stat.craftItem.minecraft.wooden_pickaxe":1,"stat.mineBlock.minecraft.stone":27,"stat.mineBlock.minecraft.tallgrass":2,"stat.diveOneCm":2235,"stat.drop.minecraft.stick":1}