{"stat.drop.minecraft.stone_pickaxe":3,"stat.craftItem.minecraft.diamond_chestplate":1,"stat.useItem.spartanweaponry.halberd_diamond":19,"stat.pickup.minecraft.bone":16,"stat.craftItem.spartanweaponry.halberd_diamond":1,"stat.drop.minecraft.wooden_pickaxe":1,"stat.leaveGame":1,"stat.pickup.minecraft.gravel":6,"stat.pickup.minecraft.arrow":17,"stat.craftItem.minecraft.cooked_porkchop":22,"stat.mineBlock.minecraft.cobblestone":12,"stat.pickup.minecraft.stone_pickaxe":3,"stat.pickup.minecraft.flint":2,"stat.pickup.minecraft.stone_axe":1,"stat.mineBlock.minecraft.yellow_flower":1,"stat.pickup.minecraft.leather_chestplate":1,"stat.mineBlock.minecraft.stained_glass_pane":1,"stat.jump":792,"stat.swimOneCm":15515,"stat.pickup.minecraft.coal":74,"stat.fallOneCm":10153,"stat.climbOneCm":2286,"stat.craftItem.minecraft.shield":1,"stat.craftItem.spartanweaponry.greatsword_diamond":1,"stat.entityKilledBy.cyberzombie":1,"stat.pickup.minecraft.cooked_porkchop":1,"stat.useItem.minecraft.stone_axe":25,"stat.pickup.minecraft.porkchop":23,"stat.crouchOneCm":29230,"stat.craftItem.minecraft.iron_ingot":33,"stat.pickup.minecraft.dirt":23,"stat.useItem.minecraft.dirt":8,"stat.craftItem.minecraft.iron_helmet":1,"stat.useItem.minecraft.stone_slab2":20,"stat.pickup.minecraft.iron_boots":1,"stat.craftingTableInteraction":24,"stat.pickup.minecraft.iron_ore":44,"stat.pickup.minecraft.rotten_flesh":29,"stat.pickup.cyberware.jacket":1,"stat.craftItem.minecraft.furnace":1,"stat.useItem.spartanweaponry.greatsword_diamond":21,"stat.mineBlock.minecraft.lapis_ore":1,"stat.craftItem.minecraft.flint_and_steel":1,"stat.craftItem.minecraft.stone_axe":1,"stat.craftItem.minecraft.iron_boots":1,"stat.mineBlock.minecraft.log2":10,"stat.pickup.minecraft.wooden_pickaxe":2,"stat.damageTaken":3192,"stat.craftItem.spartanshields.shield_basic_diamond":1,"stat.craftItem.minecraft.wooden_button":8,"stat.craftItem.minecraft.stone_pickaxe":1,"stat.mineBlock.minecraft.furnace":5,"stat.useItem.minecraft.wooden_pickaxe":3,"stat.pickup.minecraft.cobblestone":518,"stat.pickup.minecraft.log2":10,"stat.pickup.minecraft.leather_boots":1,"stat.pickup.minecraft.dye":4,"stat.pickup.minecraft.planks":118,"stat.pickup.minecraft.reeds":14,"stat.flyOneCm":93271,"stat.pickup.minecraft.wheat_seeds":1,"stat.killEntity.familiarfauna.snail":2,"stat.entityKilledBy.Zombie":2,"stat.mineBlock.biomesoplenty.gem_ore":2,"stat.mineBlock.minecraft.gravel":8,"stat.useItem.minecraft.stone_pickaxe":39,"stat.craftItem.minecraft.iron_leggings":1,"stat.damageDealt":1887,"stat.mineBlock.minecraft.iron_ore":44,"stat.timeSinceDeath":90065,"stat.craftItem.spartanshields.shield_basic_wood":1,"stat.mineBlock.minecraft.dirt":25,"stat.useItem.minecraft.iron_pickaxe":162,"stat.craftItem.minecraft.wooden_pickaxe":1,"stat.killEntity.Pig":13,"stat.pickup.minecraft.mutton":1,"stat.drop.minecraft.stick":1,"stat.killEntity.cyberzombie":4,"stat.walkOneCm":99177,"stat.pickup.cgm.basic_ammo":192,"stat.pickup.minecraft.stick":31,"stat.drop.minecraft.rotten_flesh":4,"stat.pickup.minecraft.crafting_table":10,"stat.useItem.minecraft.cobblestone":95,"stat.craftItem.minecraft.crafting_table":2,"stat.furnaceInteraction":22,"stat.useItem.minecraft.cooked_porkchop":22,"stat.craftItem.spartanweaponry.material":2,"stat.pickup.cgm.handgun":1,"stat.mineBlock.minecraft.coal_ore":42,"stat.pickup.cyberware.hand_upgrades":3,"stat.pickup.minecraft.shield":1,"stat.killEntity.cyberskeleton":3,"stat.pickup.minecraft.log":44,"stat.pickup.minecraft.string":5,"stat.craftItem.minecraft.diamond_boots":1,"stat.pickup.minecraft.iron_pickaxe":3,"stat.pickup.minecraft.furnace":5,"stat.craftItem.minecraft.stone_slab2":0,"stat.drop.minecraft.wooden_button":8,"stat.pickup.minecraft.stone":54,"stat.craftItem.minecraft.iron_chestplate":1,"stat.pickup.minecraft.leather_helmet":1,"stat.mineBlock.minecraft.stained_hardened_clay":3,"stat.sprintOneCm":72609,"stat.pickup.minecraft.iron_chestplate":2,"stat.craftItem.minecraft.stick":12,"stat.killEntity.Skeleton":12,"stat.craftItem.spartanshields.shield_tower_wood":1,"stat.pickup.biomesoplenty.gem":2,"stat.craftItem.minecraft.planks":216,"stat.mineBlock.minecraft.diamond_ore":29,"stat.killEntity.Spider":5,"stat.mineBlock.minecraft.crafting_table":10,"stat.useItem.minecraft.diamond_pickaxe":368,"stat.mobKills":68,"stat.pickup.minecraft.leather_leggings":1,"stat.pickup.dynamictrees.oakseed":15,"stat.deaths":4,"stat.drop":7,"stat.pickup.minecraft.diamond":29,"stat.playOneMinute":102289,"stat.pickup.cyberware.heart_upgrades":1,"stat.killEntity.Sheep":1,"stat.sneakTime":11667,"stat.craftItem.minecraft.iron_pickaxe":2,"stat.pickup.minecraft.wool":1,"stat.craftItem.minecraft.diamond_pickaxe":1,"stat.killEntity.Zombie":23,"stat.pickup.cyberware.shades2":2,"stat.pickup.minecraft.yellow_flower":1,"stat.pickup.cyberware.cybereyes":1,"stat.mineBlock.minecraft.stone":416,"stat.mineBlock.minecraft.tallgrass":2,"stat.diveOneCm":3327}