{"stat.killEntity.cyberzombie":1,"stat.walkOneCm":14124,"stat.pickup.cgm.basic_ammo":192,"stat.leaveGame":1,"stat.drop.minecraft.rotten_flesh":4,"stat.craftItem.minecraft.crafting_table":1,"stat.mineBlock.minecraft.yellow_flower":1,"stat.pickup.cgm.handgun":1,"stat.pickup.minecraft.leather_chestplate":1,"stat.jump":207,"stat.swimOneCm":3556,"stat.fallOneCm":7827,"stat.climbOneCm":2203,"stat.entityKilledBy.cyberzombie":1,"stat.drop.minecraft.wooden_button":8,"stat.crouchOneCm":3779,"stat.pickup.minecraft.leather_helmet":1,"stat.pickup.minecraft.dirt":6,"stat.useItem.minecraft.dirt":1,"stat.sprintOneCm":19608,"stat.useItem.minecraft.stone_slab2":2,"stat.craftItem.minecraft.stick":8,"stat.pickup.minecraft.rotten_flesh":4,"stat.killEntity.Skeleton":1,"stat.craftItem.minecraft.planks":40,"stat.mineBlock.minecraft.log2":10,"stat.damageTaken":1349,"stat.killEntity.Spider":2,"stat.craftItem.minecraft.wooden_button":8,"stat.mobKills":7,"stat.pickup.minecraft.leather_leggings":1,"stat.pickup.minecraft.log2":10,"stat.pickup.minecraft.leather_boots":1,"stat.flyOneCm":38375,"stat.deaths":4,"stat.drop":2,"stat.playOneMinute":15889,"stat.entityKilledBy.Zombie":2,"stat.sneakTime":1739,"stat.damageDealt":212,"stat.killEntity.Zombie":2,"stat.timeSinceDeath":3665,"stat.pickup.minecraft.yellow_flower":1,"stat.pickup.cyberware.cybereyes":1,"stat.mineBlock.minecraft.dirt":8,"stat.diveOneCm":1091}