{"stat.drop.minecraft.stone_pickaxe":3,"stat.pickup.minecraft.bone":9,"stat.drop.minecraft.wooden_pickaxe":1,"stat.leaveGame":1,"stat.pickup.minecraft.arrow":6,"stat.craftItem.minecraft.cooked_porkchop":13,"stat.mineBlock.minecraft.cobblestone":3,"stat.pickup.minecraft.stone_pickaxe":3,"stat.mineBlock.minecraft.yellow_flower":1,"stat.pickup.minecraft.leather_chestplate":1,"stat.jump":548,"stat.swimOneCm":15515,"stat.pickup.minecraft.coal":18,"stat.fallOneCm":9466,"stat.climbOneCm":2286,"stat.craftItem.minecraft.shield":1,"stat.entityKilledBy.cyberzombie":1,"stat.pickup.minecraft.cooked_porkchop":1,"stat.useItem.minecraft.stone_axe":19,"stat.pickup.minecraft.porkchop":23,"stat.crouchOneCm":13433,"stat.craftItem.minecraft.iron_ingot":12,"stat.pickup.minecraft.dirt":16,"stat.useItem.minecraft.dirt":8,"stat.useItem.minecraft.stone_slab2":12,"stat.craftingTableInteraction":10,"stat.pickup.minecraft.iron_ore":33,"stat.pickup.minecraft.rotten_flesh":16,"stat.craftItem.minecraft.furnace":1,"stat.craftItem.minecraft.stone_axe":1,"stat.craftItem.minecraft.iron_boots":1,"stat.mineBlock.minecraft.log2":10,"stat.pickup.minecraft.wooden_pickaxe":2,"stat.damageTaken":2150,"stat.craftItem.minecraft.wooden_button":8,"stat.craftItem.minecraft.stone_pickaxe":1,"stat.mineBlock.minecraft.furnace":3,"stat.useItem.minecraft.wooden_pickaxe":3,"stat.pickup.minecraft.cobblestone":93,"stat.pickup.minecraft.log2":10,"stat.pickup.minecraft.leather_boots":1,"stat.pickup.minecraft.planks":23,"stat.pickup.minecraft.reeds":14,"stat.flyOneCm":83597,"stat.pickup.minecraft.wheat_seeds":1,"stat.killEntity.familiarfauna.snail":2,"stat.entityKilledBy.Zombie":2,"stat.useItem.minecraft.stone_pickaxe":39,"stat.damageDealt":1036,"stat.mineBlock.minecraft.iron_ore":33,"stat.timeSinceDeath":53165,"stat.mineBlock.minecraft.dirt":18,"stat.useItem.minecraft.iron_pickaxe":114,"stat.craftItem.minecraft.wooden_pickaxe":1,"stat.killEntity.Pig":13,"stat.pickup.minecraft.mutton":1,"stat.drop.minecraft.stick":1,"stat.killEntity.cyberzombie":4,"stat.walkOneCm":53771,"stat.pickup.cgm.basic_ammo":192,"stat.pickup.minecraft.stick":28,"stat.drop.minecraft.rotten_flesh":4,"stat.pickup.minecraft.crafting_table":2,"stat.useItem.minecraft.cobblestone":16,"stat.craftItem.minecraft.crafting_table":2,"stat.furnaceInteraction":18,"stat.useItem.minecraft.cooked_porkchop":12,"stat.pickup.cgm.handgun":1,"stat.mineBlock.minecraft.coal_ore":18,"stat.pickup.cyberware.hand_upgrades":3,"stat.killEntity.cyberskeleton":3,"stat.pickup.minecraft.log":34,"stat.pickup.minecraft.string":5,"stat.pickup.minecraft.furnace":3,"stat.craftItem.minecraft.stone_slab2":0,"stat.drop.minecraft.wooden_button":8,"stat.pickup.minecraft.stone":7,"stat.pickup.minecraft.leather_helmet":1,"stat.sprintOneCm":61633,"stat.craftItem.minecraft.stick":12,"stat.killEntity.Skeleton":4,"stat.craftItem.minecraft.planks":176,"stat.killEntity.Spider":5,"stat.mineBlock.minecraft.crafting_table":2,"stat.mobKills":46,"stat.pickup.minecraft.leather_leggings":1,"stat.pickup.dynamictrees.oakseed":9,"stat.deaths":4,"stat.drop":7,"stat.playOneMinute":65389,"stat.pickup.cyberware.heart_upgrades":1,"stat.killEntity.Sheep":1,"stat.sneakTime":5825,"stat.craftItem.minecraft.iron_pickaxe":1,"stat.pickup.minecraft.wool":1,"stat.killEntity.Zombie":12,"stat.pickup.cyberware.shades2":1,"stat.pickup.minecraft.yellow_flower":1,"stat.pickup.cyberware.cybereyes":1,"stat.mineBlock.minecraft.stone":97,"stat.mineBlock.minecraft.tallgrass":2,"stat.diveOneCm":3327}