{"stat.chestOpened":2,"stat.walkOneCm":65686,"stat.useItem.minecraft.bread":2,"stat.pickup.dynamictrees.birchseed":1,"stat.pickup.minecraft.stick":7,"stat.drop.minecraft.wooden_pickaxe":1,"stat.leaveGame":2,"stat.pickup.minecraft.waterlily":2,"stat.pickup.minecraft.crafting_table":5,"stat.craftItem.minecraft.crafting_table":2,"stat.useItem.minecraft.waterlily":1,"stat.pickup.minecraft.log":3,"stat.mineBlock.minecraft.stained_glass_pane":2,"stat.drop.minecraft.enchanted_book":1,"stat.jump":818,"stat.swimOneCm":25327,"stat.fallOneCm":18354,"stat.climbOneCm":2494,"stat.drop.dynamictrees.birchseed":1,"stat.useItem.minecraft.stone_axe":1,"stat.craftItem.minecraft.bread":4,"stat.crouchOneCm":1716,"stat.pickup.minecraft.dirt":2,"stat.sprintOneCm":111908,"stat.useItem.minecraft.stone_slab2":9,"stat.craftItem.minecraft.wooden_axe":2,"stat.craftItem.minecraft.stick":8,"stat.craftingTableInteraction":5,"stat.pickup.minecraft.iron_ore":2,"stat.entityKilledBy.mutantbeasts.mutant_skeleton":1,"stat.craftItem.minecraft.planks":36,"stat.craftItem.minecraft.stone_axe":1,"stat.useItem.minecraft.wheat_seeds":21,"stat.mineBlock.minecraft.log2":11,"stat.damageTaken":2016,"stat.mineBlock.minecraft.crafting_table":5,"stat.mineBlock.minecraft.torch":1,"stat.craftItem.minecraft.stone_pickaxe":1,"stat.useItem.minecraft.wooden_pickaxe":8,"stat.mobKills":12,"stat.pickup.minecraft.cobblestone":7,"stat.mineBlock.biomesoplenty.plant_1":2,"stat.mineBlock.biomesoplenty.plant_0":5,"stat.pickup.minecraft.log2":7,"stat.entityKilledBy.Creeper":1,"stat.mineBlock.minecraft.waterlily":2,"stat.flyOneCm":174603,"stat.deaths":6,"stat.pickup.minecraft.wheat_seeds":35,"stat.drop":7,"stat.playOneMinute":35798,"stat.entityKilledBy.Zombie":3,"stat.drop.minecraft.wheat_seeds":3,"stat.killEntity.Sheep":11,"stat.useItem.minecraft.stone_pickaxe":2,"stat.mineBlock.minecraft.glass":4,"stat.sneakTime":694,"stat.pickup.minecraft.wool":11,"stat.damageDealt":1538,"stat.mineBlock.minecraft.iron_ore":2,"stat.timeSinceDeath":10725,"stat.useItem.minecraft.wooden_axe":21,"stat.killEntity.Cow":1,"stat.mineBlock.minecraft.dirt":14,"stat.craftItem.minecraft.wooden_pickaxe":2,"stat.mineBlock.minecraft.stone":8,"stat.mineBlock.minecraft.tallgrass":5,"stat.diveOneCm":18297,"stat.entityKilledBy.cyberskeleton":1,"stat.pickup.minecraft.mutton":14,"stat.drop.minecraft.wooden_axe":1,"stat.pickup.minecraft.wheat":19}