{"stat.leaveGame":4,"stat.mineBlock.minecraft.cobblestone":3,"stat.mineBlock.minecraft.stained_glass_pane":2,"stat.drop.minecraft.enchanted_book":1,"stat.swimOneCm":29465,"stat.climbOneCm":2494,"stat.drop.dynamictrees.birchseed":1,"stat.useItem.minecraft.dirt":16,"stat.useItem.minecraft.stone_slab2":13,"stat.pickup.minecraft.rotten_flesh":1,"stat.craftItem.minecraft.furnace":1,"stat.craftItem.minecraft.stone_axe":1,"stat.craftItem.minecraft.iron_boots":1,"stat.craftItem.minecraft.stone_pickaxe":1,"stat.pickup.minecraft.cobblestone":92,"stat.flyOneCm":208859,"stat.drop.minecraft.wheat_seeds":3,"stat.mineBlock.minecraft.iron_ore":13,"stat.timeSinceDeath":36845,"stat.useItem.minecraft.iron_pickaxe":124,"stat.craftItem.minecraft.wooden_pickaxe":2,"stat.pickup.minecraft.mutton":14,"stat.furnaceInteraction":5,"stat.mineBlock.minecraft.coal_ore":54,"stat.pickup.minecraft.furnace":1,"stat.useItem.minecraft.cooked_mutton":3,"stat.craftItem.minecraft.stone_slab2":0,"stat.sprintOneCm":140637,"stat.craftItem.minecraft.wooden_axe":2,"stat.craftItem.minecraft.stick":8,"stat.entityKilledBy.mutantbeasts.mutant_skeleton":1,"stat.useItem.minecraft.wheat_seeds":21,"stat.mineBlock.minecraft.crafting_table":6,"stat.entityKilledBy.Creeper":1,"stat.deaths":6,"stat.drop":7,"stat.playOneMinute":61918,"stat.killEntity.Sheep":11,"stat.craftItem.minecraft.iron_pickaxe":1,"stat.killEntity.Zombie":1,"stat.mineBlock.minecraft.tallgrass":5,"stat.craftItem.minecraft.cooked_mutton":14,"stat.diveOneCm":21364,"stat.pickup.minecraft.wheat":19,"stat.chestOpened":2,"stat.drop.minecraft.wooden_pickaxe":1,"stat.pickup.minecraft.waterlily":2,"stat.pickup.minecraft.arrow":1,"stat.useItem.minecraft.waterlily":1,"stat.jump":1050,"stat.pickup.minecraft.coal":54,"stat.fallOneCm":21200,"stat.useItem.minecraft.stone_axe":11,"stat.craftItem.minecraft.bread":4,"stat.crouchOneCm":2584,"stat.craftItem.minecraft.iron_ingot":9,"stat.craftItem.minecraft.torch":4,"stat.pickup.minecraft.dirt":22,"stat.craftItem.minecraft.iron_helmet":1,"stat.craftingTableInteraction":8,"stat.pickup.minecraft.iron_ore":13,"stat.mineBlock.minecraft.log2":11,"stat.damageTaken":2310,"stat.mineBlock.minecraft.torch":9,"stat.mineBlock.minecraft.furnace":1,"stat.useItem.minecraft.wooden_pickaxe":8,"stat.mineBlock.biomesoplenty.plant_1":2,"stat.mineBlock.biomesoplenty.plant_0":5,"stat.pickup.minecraft.log2":7,"stat.pickup.minecraft.wheat_seeds":36,"stat.entityKilledBy.Zombie":3,"stat.useItem.minecraft.stone_pickaxe":53,"stat.mineBlock.minecraft.glass":4,"stat.damageDealt":2291,"stat.killEntity.Cow":1,"stat.mineBlock.minecraft.dirt":31,"stat.walkOneCm":83916,"stat.useItem.minecraft.bread":2,"stat.useItem.minecraft.torch":9,"stat.playerKills":3,"stat.pickup.dynamictrees.birchseed":2,"stat.pickup.minecraft.stick":7,"stat.pickup.minecraft.crafting_table":6,"stat.useItem.minecraft.cobblestone":44,"stat.craftItem.minecraft.crafting_table":2,"stat.pickup.minecraft.log":3,"stat.pickup.minecraft.stone":9,"stat.killEntity.Skeleton":1,"stat.craftItem.minecraft.planks":36,"stat.mobKills":14,"stat.mineBlock.minecraft.waterlily":2,"stat.pickup.minecraft.torch":7,"stat.sneakTime":1056,"stat.pickup.minecraft.wool":11,"stat.useItem.minecraft.wooden_axe":21,"stat.mineBlock.minecraft.stone":100,"stat.entityKilledBy.cyberskeleton":1,"stat.drop.minecraft.wooden_axe":1}