{"stat.chestOpened":3,"stat.walkOneCm":17654,"stat.drop.minecraft.wooden_pickaxe":1,"stat.pickup.minecraft.crafting_table":2,"stat.mineBlock.minecraft.cobblestone":1,"stat.useItem.minecraft.cobblestone":2,"stat.craftItem.minecraft.crafting_table":1,"stat.useItem.minecraft.apple":1,"stat.killEntity.vampirism.vampire_hunter":1,"stat.mineBlock.minecraft.sandstone":3,"stat.pickup.minecraft.log":5,"stat.jump":113,"stat.swimOneCm":109,"stat.pickup.minecraft.coal":1,"stat.fallOneCm":2447,"stat.useItem.minecraft.planks":5,"stat.entityKilledBy.Skeleton":1,"stat.useItem.minecraft.stone_axe":24,"stat.crouchOneCm":1975,"stat.pickup.minecraft.sandstone_stairs":1,"stat.sprintOneCm":21108,"stat.useItem.minecraft.stone_slab2":9,"stat.craftItem.minecraft.stick":8,"stat.craftItem.minecraft.wooden_axe":1,"stat.craftingTableInteraction":3,"stat.pickup.minecraft.beetroot":2,"stat.craftItem.minecraft.planks":20,"stat.useItem.minecraft.egg":1,"stat.craftItem.minecraft.stone_axe":1,"stat.damageTaken":334,"stat.mineBlock.minecraft.crafting_table":2,"stat.killEntity.WitherSkeleton":1,"stat.killEntity.Husk":1,"stat.craftItem.minecraft.stone_pickaxe":1,"stat.useItem.minecraft.wooden_pickaxe":6,"stat.pickup.minecraft.cobblestone":9,"stat.mobKills":7,"stat.mineBlock.minecraft.log":5,"stat.flyOneCm":22541,"stat.pickup.minecraft.sandstone":5,"stat.deaths":1,"stat.drop":2,"stat.pickup.minecraft.beetroot_seeds":1,"stat.pickup.minecraft.egg":1,"stat.playOneMinute":9673,"stat.sneakTime":1519,"stat.damageDealt":1682,"stat.killEntity.Zombie":2,"stat.timeSinceDeath":101,"stat.useItem.minecraft.wooden_axe":1,"stat.useItem.minecraft.iron_pickaxe":4,"stat.craftItem.minecraft.wooden_pickaxe":1,"stat.mineBlock.minecraft.stone":6,"stat.drop.minecraft.wooden_axe":1,"stat.useItem.minecraft.sandstone":1}