{"stat.drop.minecraft.stone_pickaxe":1,"stat.leaveGame":4,"stat.mineBlock.minecraft.cobblestone":3,"stat.mineBlock.minecraft.stained_glass_pane":4,"stat.drop.minecraft.enchanted_book":1,"stat.swimOneCm":30721,"stat.climbOneCm":2826,"stat.drop.dynamictrees.birchseed":1,"stat.useItem.minecraft.dirt":16,"stat.useItem.minecraft.stone_slab2":15,"stat.pickup.minecraft.rotten_flesh":1,"stat.craftItem.minecraft.furnace":1,"stat.craftItem.minecraft.stone_axe":1,"stat.craftItem.minecraft.iron_boots":1,"stat.useItem.minecraft.birch_boat":3,"stat.craftItem.minecraft.stone_pickaxe":1,"stat.pickup.minecraft.cobblestone":92,"stat.flyOneCm":276664,"stat.drop.minecraft.wheat_seeds":4,"stat.mineBlock.minecraft.iron_ore":13,"stat.timeSinceDeath":4445,"stat.useItem.minecraft.iron_pickaxe":124,"stat.craftItem.minecraft.wooden_pickaxe":2,"stat.drop.minecraft.spider_eye":1,"stat.pickup.minecraft.mutton":18,"stat.furnaceInteraction":5,"stat.drop.minecraft.dirt":1,"stat.mineBlock.minecraft.coal_ore":54,"stat.pickup.minecraft.beef":5,"stat.pickup.minecraft.furnace":1,"stat.useItem.minecraft.cooked_mutton":11,"stat.craftItem.minecraft.stone_slab2":0,"stat.sprintOneCm":182448,"stat.craftItem.minecraft.wooden_axe":2,"stat.craftItem.minecraft.stick":8,"stat.entityKilledBy.mutantbeasts.mutant_skeleton":2,"stat.useItem.minecraft.wheat_seeds":21,"stat.mineBlock.minecraft.crafting_table":6,"stat.entityKilledBy.Creeper":1,"stat.deaths":7,"stat.drop":12,"stat.playOneMinute":75614,"stat.killEntity.Sheep":13,"stat.craftItem.minecraft.iron_pickaxe":1,"stat.killEntity.Zombie":1,"stat.mineBlock.minecraft.tallgrass":5,"stat.craftItem.minecraft.cooked_mutton":14,"stat.diveOneCm":26716,"stat.pickup.minecraft.wheat":19,"stat.chestOpened":3,"stat.drop.minecraft.wooden_pickaxe":1,"stat.pickup.minecraft.waterlily":3,"stat.pickup.minecraft.arrow":1,"stat.useItem.minecraft.waterlily":2,"stat.jump":1327,"stat.pickup.minecraft.coal":54,"stat.fallOneCm":26152,"stat.craftItem.minecraft.birch_boat":1,"stat.drop.biomesoplenty.mudball":6,"stat.useItem.minecraft.stone_axe":28,"stat.craftItem.minecraft.bread":4,"stat.crouchOneCm":2584,"stat.pickup.minecraft.spider_eye":1,"stat.craftItem.minecraft.iron_ingot":9,"stat.craftItem.minecraft.torch":4,"stat.pickup.minecraft.dirt":24,"stat.craftItem.minecraft.iron_helmet":1,"stat.craftingTableInteraction":9,"stat.pickup.minecraft.iron_ore":13,"stat.boatOneCm":112411,"stat.mineBlock.minecraft.log2":11,"stat.damageTaken":3133,"stat.pickup.minecraft.leather":3,"stat.mineBlock.minecraft.torch":9,"stat.mineBlock.minecraft.furnace":1,"stat.useItem.minecraft.wooden_pickaxe":8,"stat.pickup.minecraft.birch_boat":2,"stat.mineBlock.biomesoplenty.plant_1":2,"stat.mineBlock.biomesoplenty.plant_0":6,"stat.pickup.minecraft.log2":7,"stat.pickup.minecraft.wheat_seeds":36,"stat.entityKilledBy.Zombie":3,"stat.useItem.minecraft.stone_pickaxe":53,"stat.mineBlock.minecraft.glass":4,"stat.damageDealt":3239,"stat.killEntity.Cow":3,"stat.mineBlock.minecraft.dirt":31,"stat.walkOneCm":100242,"stat.useItem.minecraft.bread":2,"stat.useItem.minecraft.torch":9,"stat.playerKills":4,"stat.pickup.dynamictrees.birchseed":5,"stat.pickup.minecraft.stick":9,"stat.pickup.minecraft.crafting_table":6,"stat.useItem.minecraft.cobblestone":53,"stat.craftItem.minecraft.crafting_table":2,"stat.pickup.minecraft.log":7,"stat.pickup.minecraft.stone":9,"stat.pickup.biomesoplenty.mudball":6,"stat.killEntity.Skeleton":1,"stat.craftItem.minecraft.planks":52,"stat.killEntity.Spider":1,"stat.mobKills":19,"stat.mineBlock.minecraft.waterlily":2,"stat.mineBlock.minecraft.leaves":1,"stat.pickup.minecraft.torch":7,"stat.sneakTime":1062,"stat.pickup.minecraft.wool":13,"stat.useItem.minecraft.wooden_axe":21,"stat.mineBlock.minecraft.stone":100,"stat.entityKilledBy.cyberskeleton":1,"stat.drop.minecraft.wooden_axe":1}