{"stat.walkOneCm":47705,"stat.useItem.minecraft.bread":2,"stat.craftItem.minecraft.planks":24,"stat.leaveGame":2,"stat.useItem.minecraft.wheat_seeds":21,"stat.mineBlock.minecraft.log2":11,"stat.pickup.minecraft.crafting_table":3,"stat.damageTaken":935,"stat.mineBlock.minecraft.crafting_table":3,"stat.craftItem.minecraft.crafting_table":1,"stat.mineBlock.minecraft.torch":1,"stat.mobKills":1,"stat.mineBlock.biomesoplenty.plant_1":2,"stat.mineBlock.biomesoplenty.plant_0":3,"stat.pickup.minecraft.log2":7,"stat.flyOneCm":97694,"stat.deaths":3,"stat.pickup.minecraft.wheat_seeds":35,"stat.drop":3,"stat.jump":481,"stat.swimOneCm":12747,"stat.playOneMinute":23198,"stat.climbOneCm":140,"stat.fallOneCm":9500,"stat.entityKilledBy.Zombie":2,"stat.drop.minecraft.wheat_seeds":3,"stat.sneakTime":635,"stat.damageDealt":599,"stat.craftItem.minecraft.bread":4,"stat.crouchOneCm":1297,"stat.timeSinceDeath":14639,"stat.useItem.minecraft.wooden_axe":7,"stat.killEntity.Cow":1,"stat.sprintOneCm":61048,"stat.mineBlock.minecraft.dirt":12,"stat.useItem.minecraft.stone_slab2":5,"stat.craftItem.minecraft.wooden_pickaxe":1,"stat.mineBlock.minecraft.tallgrass":5,"stat.diveOneCm":10505,"stat.entityKilledBy.cyberskeleton":1,"stat.craftItem.minecraft.stick":4,"stat.craftItem.minecraft.wooden_axe":1,"stat.pickup.minecraft.wheat":19,"stat.craftingTableInteraction":3}