{"stat.chestOpened":2,"stat.walkOneCm":72542,"stat.useItem.minecraft.bread":2,"stat.useItem.minecraft.torch":1,"stat.pickup.dynamictrees.birchseed":1,"stat.pickup.minecraft.stick":7,"stat.drop.minecraft.wooden_pickaxe":1,"stat.leaveGame":2,"stat.pickup.minecraft.waterlily":2,"stat.pickup.minecraft.crafting_table":6,"stat.mineBlock.minecraft.cobblestone":2,"stat.useItem.minecraft.cobblestone":2,"stat.craftItem.minecraft.crafting_table":2,"stat.furnaceInteraction":5,"stat.useItem.minecraft.waterlily":1,"stat.mineBlock.minecraft.coal_ore":17,"stat.pickup.minecraft.log":3,"stat.mineBlock.minecraft.stained_glass_pane":2,"stat.drop.minecraft.enchanted_book":1,"stat.jump":843,"stat.swimOneCm":25327,"stat.pickup.minecraft.coal":16,"stat.fallOneCm":18689,"stat.climbOneCm":2494,"stat.pickup.minecraft.furnace":1,"stat.drop.dynamictrees.birchseed":1,"stat.useItem.minecraft.stone_axe":2,"stat.craftItem.minecraft.stone_slab2":0,"stat.craftItem.minecraft.bread":4,"stat.pickup.minecraft.stone":1,"stat.crouchOneCm":1877,"stat.craftItem.minecraft.iron_ingot":9,"stat.craftItem.minecraft.torch":4,"stat.pickup.minecraft.dirt":9,"stat.useItem.minecraft.dirt":4,"stat.craftItem.minecraft.iron_helmet":1,"stat.sprintOneCm":115962,"stat.useItem.minecraft.stone_slab2":12,"stat.craftItem.minecraft.wooden_axe":2,"stat.craftItem.minecraft.stick":8,"stat.craftingTableInteraction":8,"stat.pickup.minecraft.iron_ore":10,"stat.craftItem.minecraft.furnace":1,"stat.entityKilledBy.mutantbeasts.mutant_skeleton":1,"stat.craftItem.minecraft.planks":36,"stat.craftItem.minecraft.stone_axe":1,"stat.useItem.minecraft.wheat_seeds":21,"stat.craftItem.minecraft.iron_boots":1,"stat.mineBlock.minecraft.log2":11,"stat.damageTaken":2026,"stat.mineBlock.minecraft.crafting_table":6,"stat.mineBlock.minecraft.torch":1,"stat.craftItem.minecraft.stone_pickaxe":1,"stat.mineBlock.minecraft.furnace":1,"stat.useItem.minecraft.wooden_pickaxe":8,"stat.mobKills":12,"stat.pickup.minecraft.cobblestone":63,"stat.mineBlock.biomesoplenty.plant_1":2,"stat.mineBlock.biomesoplenty.plant_0":5,"stat.pickup.minecraft.log2":7,"stat.entityKilledBy.Creeper":1,"stat.mineBlock.minecraft.waterlily":2,"stat.flyOneCm":176384,"stat.deaths":6,"stat.pickup.minecraft.wheat_seeds":35,"stat.drop":7,"stat.playOneMinute":47498,"stat.entityKilledBy.Zombie":3,"stat.drop.minecraft.wheat_seeds":3,"stat.killEntity.Sheep":11,"stat.useItem.minecraft.stone_pickaxe":53,"stat.mineBlock.minecraft.glass":4,"stat.sneakTime":791,"stat.craftItem.minecraft.iron_pickaxe":1,"stat.pickup.minecraft.wool":11,"stat.damageDealt":1538,"stat.mineBlock.minecraft.iron_ore":10,"stat.timeSinceDeath":22425,"stat.useItem.minecraft.wooden_axe":21,"stat.killEntity.Cow":1,"stat.mineBlock.minecraft.dirt":21,"stat.useItem.minecraft.iron_pickaxe":32,"stat.craftItem.minecraft.wooden_pickaxe":2,"stat.mineBlock.minecraft.stone":63,"stat.mineBlock.minecraft.tallgrass":5,"stat.craftItem.minecraft.cooked_mutton":14,"stat.diveOneCm":18297,"stat.entityKilledBy.cyberskeleton":1,"stat.pickup.minecraft.mutton":14,"stat.drop.minecraft.wooden_axe":1,"stat.pickup.minecraft.wheat":19}