{"stat.chestOpened":3,"stat.drop.minecraft.wooden_pickaxe":1,"stat.leaveGame":2,"stat.mineBlock.minecraft.cobblestone":1,"stat.useItem.minecraft.apple":1,"stat.mineBlock.minecraft.sandstone":3,"stat.jump":212,"stat.swimOneCm":1408,"stat.pickup.minecraft.coal":1,"stat.fallOneCm":4246,"stat.useItem.minecraft.planks":5,"stat.useItem.minecraft.stone_axe":24,"stat.crouchOneCm":6630,"stat.pickup.minecraft.dirt":1,"stat.useItem.minecraft.stone_slab2":10,"stat.craftingTableInteraction":3,"stat.useItem.minecraft.egg":3,"stat.craftItem.minecraft.stone_axe":1,"stat.damageTaken":1000,"stat.craftItem.minecraft.stone_pickaxe":1,"stat.useItem.minecraft.wooden_pickaxe":6,"stat.pickup.minecraft.cobblestone":9,"stat.pickup.vampirism.item_tent":1,"stat.flyOneCm":50354,"stat.pickup.minecraft.sandstone":5,"stat.damageDealt":1700,"stat.timeSinceDeath":3522,"stat.useItem.minecraft.iron_pickaxe":4,"stat.useItem.minecraft.spawn_egg":57,"stat.craftItem.minecraft.wooden_pickaxe":1,"stat.walkOneCm":27403,"stat.pickup.minecraft.crafting_table":2,"stat.useItem.minecraft.cobblestone":37,"stat.craftItem.minecraft.crafting_table":1,"stat.killEntity.vampirism.vampire_hunter":1,"stat.pickup.minecraft.log":5,"stat.entityKilledBy.Skeleton":2,"stat.pickup.minecraft.sandstone_stairs":1,"stat.sprintOneCm":29918,"stat.craftItem.minecraft.stick":8,"stat.craftItem.minecraft.wooden_axe":1,"stat.pickup.minecraft.beetroot":2,"stat.craftItem.minecraft.planks":20,"stat.mineBlock.minecraft.crafting_table":2,"stat.killEntity.WitherSkeleton":1,"stat.killEntity.Husk":1,"stat.mobKills":7,"stat.mineBlock.minecraft.log":5,"stat.deaths":2,"stat.drop":2,"stat.pickup.minecraft.beetroot_seeds":1,"stat.pickup.minecraft.egg":3,"stat.playOneMinute":15341,"stat.sneakTime":2723,"stat.killEntity.Zombie":2,"stat.useItem.minecraft.wooden_axe":1,"stat.mineBlock.minecraft.stone":6,"stat.drop.minecraft.wooden_axe":1,"stat.diveOneCm":2482,"stat.useItem.minecraft.sandstone":1}