{"stat.walkOneCm":16830,"stat.entityKilledBy.Spider":1,"stat.playerKills":1,"stat.pickup.minecraft.stick":14,"stat.craftItem.minecraft.planks":40,"stat.leaveGame":1,"stat.pickup.minecraft.crafting_table":1,"stat.damageTaken":430,"stat.mineBlock.minecraft.crafting_table":1,"stat.craftItem.minecraft.crafting_table":1,"stat.pickup.dynamictrees.oakseed":1,"stat.pickup.minecraft.log":10,"stat.flyOneCm":57842,"stat.deaths":2,"stat.jump":255,"stat.swimOneCm":1391,"stat.playOneMinute":12716,"stat.fallOneCm":5200,"stat.entityKilledBy.Zombie":1,"stat.sneakTime":38,"stat.damageDealt":173,"stat.crouchOneCm":194,"stat.timeSinceDeath":0,"stat.useItem.minecraft.written_book":1,"stat.useItem.minecraft.wooden_axe":3,"stat.pickup.minecraft.dirt":2,"stat.useItem.minecraft.dirt":1,"stat.sprintOneCm":28851,"stat.mineBlock.minecraft.dirt":2,"stat.useItem.minecraft.stone_slab2":3,"stat.craftItem.minecraft.wooden_pickaxe":1,"stat.mineBlock.minecraft.tallgrass":3,"stat.diveOneCm":2577,"stat.craftItem.minecraft.stick":4,"stat.craftItem.minecraft.wooden_axe":1,"stat.craftingTableInteraction":4}