{"stat.flyOneCm":59948,"stat.deaths":3,"stat.walkOneCm":12258,"stat.jump":297,"stat.swimOneCm":12729,"stat.playOneMinute":11498,"stat.climbOneCm":140,"stat.fallOneCm":3830,"stat.entityKilledBy.Zombie":2,"stat.leaveGame":2,"stat.sneakTime":25,"stat.damageTaken":813,"stat.damageDealt":459,"stat.crouchOneCm":108,"stat.timeSinceDeath":2939,"stat.sprintOneCm":36554,"stat.mineBlock.minecraft.dirt":6,"stat.mineBlock.biomesoplenty.plant_1":1,"stat.mineBlock.biomesoplenty.plant_0":2,"stat.mineBlock.minecraft.tallgrass":2,"stat.diveOneCm":10505,"stat.entityKilledBy.cyberskeleton":1}