{"stat.flyOneCm":12256,"stat.deaths":1,"stat.walkOneCm":5706,"stat.jump":92,"stat.swimOneCm":222,"stat.entityKilledBy.Spider":1,"stat.playOneMinute":3606,"stat.fallOneCm":2274,"stat.leaveGame":1,"stat.damageTaken":230,"stat.damageDealt":84,"stat.timeSinceDeath":0,"stat.useItem.minecraft.written_book":1,"stat.pickup.minecraft.dirt":2,"stat.useItem.minecraft.dirt":1,"stat.sprintOneCm":5221,"stat.mineBlock.minecraft.dirt":2,"stat.useItem.minecraft.stone_slab2":1,"stat.mineBlock.minecraft.tallgrass":3,"stat.diveOneCm":1292}