{"stat.pickup.dynamictrees.acaciaseed":4,"stat.chestOpened":6,"stat.walkOneCm":81485,"stat.craftItem.minecraft.sign":3,"stat.pickup.minecraft.stick":11,"stat.leaveGame":9,"stat.pickup.minecraft.crafting_table":1,"stat.pickup.minecraft.stonebrick":8,"stat.craftItem.minecraft.crafting_table":3,"stat.pickup.minecraft.string":2,"stat.pickup.minecraft.log":10,"stat.craftItem.biomesoplenty.planks_0":40,"stat.useItem.minecraft.mutton":2,"stat.jump":945,"stat.swimOneCm":22988,"stat.fallOneCm":24249,"stat.climbOneCm":2476,"stat.useItem.minecraft.planks":5,"stat.entityKilledBy.cyberzombie":1,"stat.entityKilledBy.Skeleton":2,"stat.drop.minecraft.monster_egg":62,"stat.pickup.minecraft.stone":1,"stat.crouchOneCm":4610,"stat.pickup.minecraft.dirt":19,"stat.useItem.minecraft.dirt":14,"stat.sprintOneCm":94226,"stat.useItem.minecraft.stone_slab2":28,"stat.mineBlock.biomesoplenty.flower_0":1,"stat.useItem.minecraft.cooked_chicken":2,"stat.craftItem.minecraft.stick":12,"stat.craftItem.minecraft.wooden_axe":2,"stat.craftingTableInteraction":11,"stat.entityKilledBy.mutantbeasts.mutant_skeleton":1,"stat.entityKilledBy.Spider":1,"stat.mineBlock.minecraft.stonebrick":9,"stat.craftItem.minecraft.planks":60,"stat.pickup.biomesoplenty.log_2":10,"stat.mineBlock.minecraft.glass_pane":3,"stat.mineBlock.minecraft.log2":11,"stat.damageTaken":4395,"stat.killEntity.Spider":1,"stat.mineBlock.minecraft.crafting_table":1,"stat.craftItem.minecraft.wooden_button":1,"stat.mineBlock.minecraft.torch":1,"stat.useItem.minecraft.wooden_pickaxe":25,"stat.mobKills":6,"stat.pickup.minecraft.cobblestone":7,"stat.useItem.minecraft.stonebrick":4,"stat.mineBlock.biomesoplenty.plant_0":9,"stat.pickup.minecraft.log2":16,"stat.entityKilledBy.Creeper":1,"stat.pickup.minecraft.planks":8,"stat.entityKilledBy.ZombieVillager":1,"stat.flyOneCm":348584,"stat.deaths":16,"stat.useItem.minecraft.monster_egg":2,"stat.mineBlock.minecraft.planks":3,"stat.pickup.dynamictrees.spruceseed":3,"stat.pickup.minecraft.wheat_seeds":34,"stat.drop":1,"stat.playOneMinute":151160,"stat.entityKilledBy.Zombie":2,"stat.pickup.minecraft.torch":2,"stat.killEntity.Sheep":5,"stat.useItem.minecraft.stone_pickaxe":15,"stat.sneakTime":3243,"stat.pickup.minecraft.wool":5,"stat.damageDealt":1197,"stat.timeSinceDeath":2220,"stat.useItem.minecraft.wooden_axe":21,"stat.mineBlock.minecraft.dirt":22,"stat.useItem.minecraft.sign":1,"stat.mineBlock.minecraft.stone":10,"stat.craftItem.minecraft.wooden_pickaxe":2,"stat.mineBlock.minecraft.tallgrass":13,"stat.diveOneCm":13353,"stat.entityKilledBy.cyberskeleton":3,"stat.pickup.minecraft.mutton":7,"stat.pickup.minecraft.wheat":8}