{"stat.walkOneCm":20001,"stat.leaveGame":4,"stat.damageTaken":1069,"stat.mobKills":1,"stat.mineBlock.biomesoplenty.plant_0":2,"stat.flyOneCm":43160,"stat.deaths":4,"stat.jump":256,"stat.swimOneCm":10867,"stat.playOneMinute":24988,"stat.fallOneCm":9438,"stat.climbOneCm":1478,"stat.killEntity.Sheep":1,"stat.entityKilledBy.cyberzombie":1,"stat.sneakTime":1160,"stat.pickup.minecraft.wool":1,"stat.damageDealt":165,"stat.crouchOneCm":1435,"stat.timeSinceDeath":3782,"stat.sprintOneCm":14484,"stat.mineBlock.minecraft.dirt":2,"stat.mineBlock.minecraft.tallgrass":7,"stat.diveOneCm":7668,"stat.entityKilledBy.cyberskeleton":2,"stat.pickup.minecraft.mutton":2}