{"stat.pickup.dynamictrees.acaciaseed":3,"stat.walkOneCm":26113,"stat.pickup.minecraft.stick":4,"stat.leaveGame":5,"stat.jump":324,"stat.swimOneCm":11189,"stat.fallOneCm":11596,"stat.climbOneCm":1478,"stat.entityKilledBy.cyberzombie":1,"stat.crouchOneCm":2052,"stat.pickup.minecraft.dirt":4,"stat.useItem.minecraft.dirt":2,"stat.sprintOneCm":24891,"stat.useItem.minecraft.stone_slab2":2,"stat.mineBlock.biomesoplenty.flower_0":1,"stat.mineBlock.minecraft.log2":1,"stat.damageTaken":1379,"stat.mobKills":1,"stat.mineBlock.biomesoplenty.plant_0":7,"stat.pickup.minecraft.log2":7,"stat.entityKilledBy.Creeper":1,"stat.flyOneCm":101318,"stat.deaths":5,"stat.pickup.minecraft.wheat_seeds":13,"stat.playOneMinute":58632,"stat.killEntity.Sheep":1,"stat.sneakTime":1588,"stat.pickup.minecraft.wool":1,"stat.damageDealt":165,"stat.timeSinceDeath":24209,"stat.mineBlock.minecraft.dirt":8,"stat.mineBlock.minecraft.tallgrass":11,"stat.diveOneCm":9686,"stat.entityKilledBy.cyberskeleton":2,"stat.pickup.minecraft.mutton":2}