{"stat.pickup.dynamictrees.acaciaseed":5,"stat.leaveGame":13,"stat.pickup.cfm.modern_bed_bottom":1,"stat.useItem.minecraft.mutton":2,"stat.swimOneCm":26520,"stat.climbOneCm":2828,"stat.useItem.minecraft.planks":12,"stat.entityKilledBy.cyberzombie":1,"stat.pickup.minecraft.cooked_porkchop":7,"stat.useItem.minecraft.dirt":14,"stat.useItem.minecraft.stone_slab2":34,"stat.pickup.minecraft.rotten_flesh":1,"stat.craftItem.minecraft.furnace":1,"stat.entityKilledBy.Spider":3,"stat.craftItem.minecraft.stone_axe":1,"stat.craftItem.minecraft.stone_pickaxe":1,"stat.pickup.minecraft.cobblestone":316,"stat.pickup.minecraft.diamond_leggings":1,"stat.flyOneCm":426060,"stat.pickup.dynamictrees.spruceseed":3,"stat.pickup.minecraft.redstone":37,"stat.mineBlock.minecraft.iron_ore":20,"stat.timeSinceDeath":0,"stat.useItem.minecraft.sign":1,"stat.useItem.minecraft.iron_pickaxe":224,"stat.craftItem.minecraft.wooden_pickaxe":3,"stat.pickup.minecraft.mutton":7,"stat.pickup.minecraft.stonebrick":10,"stat.furnaceInteraction":3,"stat.pickup.minecraft.spruce_fence":1,"stat.useItem.minecraft.cooked_porkchop":3,"stat.mineBlock.minecraft.coal_ore":40,"stat.talkedToVillager":2,"stat.pickup.minecraft.string":2,"stat.entityKilledBy.Skeleton":4,"stat.craftItem.minecraft.stone_slab2":0,"stat.drop.minecraft.monster_egg":62,"stat.sprintOneCm":195893,"stat.mineBlock.biomesoplenty.flower_0":1,"stat.craftItem.minecraft.stick":20,"stat.craftItem.minecraft.wooden_axe":2,"stat.mineBlock.minecraft.crafting_table":4,"stat.useItem.minecraft.carrot":3,"stat.pickup.minecraft.emerald":1,"stat.pickup.minecraft.diamond_chestplate":1,"stat.pickup.dynamictrees.oakseed":5,"stat.entityKilledBy.Creeper":1,"stat.deaths":24,"stat.mineBlock.minecraft.planks":3,"stat.drop":1,"stat.playOneMinute":228677,"stat.killEntity.Sheep":5,"stat.craftItem.minecraft.diamond_axe":1,"stat.mineBlock.minecraft.tallgrass":13,"stat.diveOneCm":30455,"stat.pickup.minecraft.wheat":13,"stat.chestOpened":6,"stat.craftItem.minecraft.sign":3,"stat.useItem.minecraft.stone":11,"stat.pickup.minecraft.arrow":1,"stat.useItem.minecraft.diamond_axe":1,"stat.craftItem.biomesoplenty.planks_0":40,"stat.jump":1631,"stat.pickup.minecraft.iron_helmet":1,"stat.pickup.minecraft.coal":40,"stat.fallOneCm":32825,"stat.pickup.minecraft.iron_ingot":3,"stat.pickup.minecraft.carrot":90,"stat.useItem.minecraft.stone_axe":2,"stat.crouchOneCm":16524,"stat.craftItem.minecraft.iron_ingot":3,"stat.pickup.minecraft.dirt":20,"stat.useItem.minecraft.cooked_chicken":2,"stat.craftingTableInteraction":20,"stat.pickup.minecraft.iron_ore":20,"stat.mineBlock.minecraft.glass_pane":3,"stat.mineBlock.minecraft.log2":11,"stat.pickup.minecraft.wooden_pickaxe":1,"stat.damageTaken":6659,"stat.craftItem.minecraft.wooden_button":2,"stat.mineBlock.minecraft.torch":1,"stat.useItem.minecraft.wooden_pickaxe":28,"stat.mineBlock.biomesoplenty.plant_0":9,"stat.pickup.minecraft.log2":26,"stat.pickup.minecraft.planks":41,"stat.entityKilledBy.ZombieVillager":1,"stat.mineBlock.minecraft.spruce_fence":1,"stat.pickup.minecraft.bed":1,"stat.pickup.minecraft.wheat_seeds":54,"stat.entityKilledBy.Zombie":2,"stat.useItem.minecraft.stone_pickaxe":87,"stat.damageDealt":1468,"stat.sleepInBed":8,"stat.mineBlock.minecraft.dirt":23,"stat.walkOneCm":225321,"stat.pickup.minecraft.stick":15,"stat.pickup.minecraft.crafting_table":4,"stat.craftItem.minecraft.crafting_table":5,"stat.mineBlock.minecraft.emerald_ore":1,"stat.pickup.minecraft.log":17,"stat.craftItem.minecraft.diamond_boots":1,"stat.pickup.minecraft.iron_pickaxe":1,"stat.pickup.minecraft.stone":61,"stat.pickup.minecraft.beetroot":3,"stat.mineBlock.minecraft.stonebrick":11,"stat.craftItem.minecraft.planks":128,"stat.pickup.biomesoplenty.log_2":10,"stat.killEntity.Spider":1,"stat.mobKills":6,"stat.useItem.minecraft.stonebrick":4,"stat.useItem.minecraft.monster_egg":2,"stat.pickup.minecraft.diamond":8,"stat.pickup.minecraft.beetroot_seeds":4,"stat.pickup.minecraft.torch":2,"stat.mineBlock.minecraft.redstone_ore":8,"stat.sneakTime":7371,"stat.pickup.minecraft.wool":5,"stat.useItem.minecraft.wooden_axe":21,"stat.mineBlock.minecraft.stone":233,"stat.entityKilledBy.cyberskeleton":5}