{"stat.pickup.dynamictrees.acaciaseed":3,"stat.chestOpened":3,"stat.walkOneCm":36613,"stat.pickup.minecraft.stick":4,"stat.leaveGame":8,"stat.craftItem.minecraft.crafting_table":1,"stat.jump":489,"stat.swimOneCm":20411,"stat.fallOneCm":14570,"stat.climbOneCm":1478,"stat.entityKilledBy.cyberzombie":1,"stat.pickup.minecraft.stone":1,"stat.crouchOneCm":2254,"stat.pickup.minecraft.dirt":9,"stat.useItem.minecraft.dirt":7,"stat.sprintOneCm":45395,"stat.useItem.minecraft.stone_slab2":9,"stat.mineBlock.biomesoplenty.flower_0":1,"stat.useItem.minecraft.cooked_chicken":2,"stat.craftingTableInteraction":1,"stat.mineBlock.minecraft.log2":1,"stat.damageTaken":1848,"stat.useItem.minecraft.wooden_pickaxe":16,"stat.mobKills":1,"stat.pickup.minecraft.cobblestone":6,"stat.mineBlock.biomesoplenty.plant_0":7,"stat.pickup.minecraft.log2":7,"stat.entityKilledBy.Creeper":1,"stat.flyOneCm":213555,"stat.deaths":6,"stat.useItem.minecraft.monster_egg":2,"stat.pickup.minecraft.wheat_seeds":13,"stat.playOneMinute":114693,"stat.entityKilledBy.Zombie":1,"stat.killEntity.Sheep":1,"stat.useItem.minecraft.stone_pickaxe":15,"stat.sneakTime":1991,"stat.pickup.minecraft.wool":1,"stat.damageDealt":269,"stat.timeSinceDeath":25371,"stat.mineBlock.minecraft.dirt":13,"stat.mineBlock.minecraft.stone":10,"stat.mineBlock.minecraft.tallgrass":11,"stat.diveOneCm":12953,"stat.entityKilledBy.cyberskeleton":2,"stat.pickup.minecraft.mutton":2}