{"stat.pickup.dynamictrees.acaciaseed":4,"stat.chestOpened":6,"stat.walkOneCm":63972,"stat.craftItem.minecraft.sign":3,"stat.pickup.minecraft.stick":4,"stat.leaveGame":8,"stat.pickup.minecraft.stonebrick":8,"stat.craftItem.minecraft.crafting_table":2,"stat.pickup.minecraft.string":2,"stat.jump":776,"stat.swimOneCm":22337,"stat.fallOneCm":19883,"stat.climbOneCm":2476,"stat.useItem.minecraft.planks":5,"stat.entityKilledBy.cyberzombie":1,"stat.entityKilledBy.Skeleton":2,"stat.drop.minecraft.monster_egg":62,"stat.pickup.minecraft.stone":1,"stat.crouchOneCm":4317,"stat.pickup.minecraft.dirt":19,"stat.useItem.minecraft.dirt":14,"stat.sprintOneCm":74083,"stat.useItem.minecraft.stone_slab2":26,"stat.mineBlock.biomesoplenty.flower_0":1,"stat.useItem.minecraft.cooked_chicken":2,"stat.craftItem.minecraft.stick":12,"stat.craftItem.minecraft.wooden_axe":1,"stat.craftingTableInteraction":10,"stat.entityKilledBy.mutantbeasts.mutant_skeleton":1,"stat.entityKilledBy.Spider":1,"stat.mineBlock.minecraft.stonebrick":9,"stat.craftItem.minecraft.planks":20,"stat.mineBlock.minecraft.glass_pane":3,"stat.mineBlock.minecraft.log2":11,"stat.damageTaken":3278,"stat.killEntity.Spider":1,"stat.craftItem.minecraft.wooden_button":1,"stat.useItem.minecraft.wooden_pickaxe":25,"stat.mobKills":2,"stat.pickup.minecraft.cobblestone":6,"stat.useItem.minecraft.stonebrick":4,"stat.mineBlock.biomesoplenty.plant_0":8,"stat.pickup.minecraft.log2":16,"stat.entityKilledBy.Creeper":1,"stat.pickup.minecraft.planks":8,"stat.flyOneCm":318624,"stat.deaths":12,"stat.useItem.minecraft.monster_egg":2,"stat.mineBlock.minecraft.planks":3,"stat.pickup.minecraft.wheat_seeds":14,"stat.drop":1,"stat.playOneMinute":138993,"stat.entityKilledBy.Zombie":2,"stat.killEntity.Sheep":1,"stat.useItem.minecraft.stone_pickaxe":15,"stat.sneakTime":3181,"stat.pickup.minecraft.wool":1,"stat.damageDealt":800,"stat.timeSinceDeath":640,"stat.useItem.minecraft.wooden_axe":10,"stat.mineBlock.minecraft.dirt":22,"stat.useItem.minecraft.sign":1,"stat.mineBlock.minecraft.stone":10,"stat.craftItem.minecraft.wooden_pickaxe":2,"stat.mineBlock.minecraft.tallgrass":12,"stat.diveOneCm":13032,"stat.entityKilledBy.cyberskeleton":3,"stat.pickup.minecraft.mutton":2}