{"stat.pickup.dynamictrees.acaciaseed":5,"stat.pickup.minecraft.bone":35,"stat.leaveGame":20,"stat.pickup.cfm.modern_bed_bottom":1,"stat.pickup.cyberware.katana":1,"stat.pickup.minecraft.flower_pot":2,"stat.useItem.minecraft.mutton":9,"stat.mineBlock.minecraft.stained_glass":6,"stat.swimOneCm":26520,"stat.climbOneCm":43147,"stat.useItem.minecraft.planks":12,"stat.mineBlock.minecraft.web":3,"stat.entityKilledBy.cyberzombie":1,"stat.pickup.spartanshields.shield_basic_iron":1,"stat.pickup.minecraft.cooked_porkchop":7,"stat.useItem.minecraft.dirt":14,"stat.useItem.minecraft.stone_slab2":176,"stat.pickup.minecraft.bow":1,"stat.pickup.minecraft.iron_boots":3,"stat.mineBlock.minecraft.stone_brick_stairs":3,"stat.pickup.minecraft.rotten_flesh":29,"stat.craftItem.minecraft.furnace":1,"stat.entityKilledBy.Spider":3,"stat.craftItem.minecraft.stone_axe":1,"stat.useItem.minecraft.vine":9,"stat.pickup.minecraft.name_tag":2,"stat.craftItem.minecraft.stone_pickaxe":1,"stat.pickup.cyberware.cybereye_upgrades":2,"stat.pickup.minecraft.cobblestone":457,"stat.pickup.minecraft.diamond_leggings":1,"stat.flyOneCm":487765,"stat.pickup.dynamictrees.spruceseed":3,"stat.pickup.minecraft.redstone":37,"stat.mineBlock.minecraft.iron_ore":20,"stat.timeSinceDeath":55425,"stat.useItem.minecraft.sign":1,"stat.useItem.minecraft.iron_pickaxe":483,"stat.pickup.minecraft.stained_hardened_clay":392,"stat.craftItem.minecraft.wooden_pickaxe":3,"stat.pickup.minecraft.mutton":14,"stat.drop.minecraft.name_tag":1,"stat.pickup.cgm.basic_ammo":128,"stat.pickup.rewired.shield.polymer":2,"stat.mineBlock.minecraft.vine":1,"stat.pickup.minecraft.stonebrick":10,"stat.furnaceInteraction":19,"stat.pickup.minecraft.spruce_fence":1,"stat.useItem.minecraft.cooked_porkchop":3,"stat.mineBlock.minecraft.coal_ore":40,"stat.talkedToVillager":2,"stat.pickup.minecraft.string":14,"stat.mineBlock.minecraft.ladder":3,"stat.entityKilledBy.Skeleton":6,"stat.craftItem.minecraft.stone_slab2":0,"stat.drop.minecraft.monster_egg":62,"stat.mineBlock.minecraft.stained_hardened_clay":242,"stat.sprintOneCm":270403,"stat.pickup.minecraft.iron_chestplate":1,"stat.mineBlock.biomesoplenty.flower_0":1,"stat.pickup.cgm.workbench":1,"stat.useItem.spartanweaponry.saber_iron":69,"stat.pickup.minecraft.skull":1,"stat.craftItem.minecraft.stick":44,"stat.craftItem.minecraft.wooden_axe":2,"stat.mineBlock.minecraft.crafting_table":4,"stat.mineBlock.minecraft.quartz_block":5,"stat.pickup.minecraft.pumpkin_seeds":3,"stat.useItem.minecraft.carrot":3,"stat.pickup.minecraft.emerald":1,"stat.pickup.minecraft.diamond_chestplate":1,"stat.pickup.dynamictrees.oakseed":5,"stat.entityKilledBy.Creeper":1,"stat.pickup.cyberware.lower_organs_upgrades":1,"stat.deaths":31,"stat.mineBlock.minecraft.planks":5,"stat.drop":4,"stat.playOneMinute":343223,"stat.drop.minecraft.string":1,"stat.killEntity.Sheep":5,"stat.useItem.minecraft.ladder":3,"stat.killEntity.Zombie":18,"stat.pickup.minecraft.snowball":2,"stat.pickup.cyberware.cybereyes":2,"stat.craftItem.minecraft.diamond_axe":1,"stat.mineBlock.minecraft.tallgrass":13,"stat.diveOneCm":30455,"stat.pickup.minecraft.wheat":13,"stat.chestOpened":52,"stat.craftItem.minecraft.sign":3,"stat.useItem.minecraft.stone":11,"stat.useItem.spartanweaponry.boomerang_iron":5,"stat.pickup.minecraft.arrow":29,"stat.pickup.minecraft.iron_sword":1,"stat.pickup.minecraft.waterlily":1,"stat.useItem.minecraft.diamond_axe":1,"stat.useItem.minecraft.rotten_flesh":7,"stat.craftItem.biomesoplenty.planks_0":40,"stat.pickup.minecraft.stone_brick_stairs":1,"stat.craftItem.minecraft.iron_nugget":36,"stat.jump":2064,"stat.pickup.minecraft.iron_helmet":2,"stat.pickup.minecraft.coal":73,"stat.fallOneCm":40884,"stat.pickup.minecraft.iron_ingot":3,"stat.pickup.minecraft.carrot":90,"stat.useItem.minecraft.stone_axe":2,"stat.crouchOneCm":27798,"stat.mineBlock.minecraft.chest":1,"stat.pickup.minecraft.spider_eye":2,"stat.craftItem.minecraft.iron_ingot":22,"stat.craftItem.minecraft.torch":56,"stat.craftItem.minecraft.chest":2,"stat.pickup.minecraft.dirt":22,"stat.useItem.minecraft.cooked_chicken":2,"stat.craftingTableInteraction":21,"stat.pickup.minecraft.iron_ore":20,"stat.pickup.minecraft.gold_ore":15,"stat.mineBlock.minecraft.glass_pane":3,"stat.mineBlock.minecraft.log2":11,"stat.pickup.minecraft.wooden_pickaxe":1,"stat.damageTaken":8904,"stat.craftItem.minecraft.wooden_button":2,"stat.mineBlock.minecraft.torch":2,"stat.useItem.minecraft.wooden_pickaxe":28,"stat.pickup.rewired.necrolimb":4,"stat.mineBlock.biomesoplenty.plant_0":9,"stat.pickup.minecraft.log2":26,"stat.pickup.minecraft.planks":44,"stat.entityKilledBy.ZombieVillager":1,"stat.mineBlock.minecraft.spruce_fence":1,"stat.pickup.minecraft.iron_leggings":1,"stat.pickup.minecraft.bed":4,"stat.pickup.minecraft.wheat_seeds":54,"stat.pickup.minecraft.quartz_block":2,"stat.entityKilledBy.Zombie":5,"stat.useItem.minecraft.stone_pickaxe":87,"stat.damageDealt":9373,"stat.pickup.spartanweaponry.saber_iron":1,"stat.sleepInBed":12,"stat.drop.cgm.chain_gun":1,"stat.mineBlock.minecraft.dirt":25,"stat.killEntity.cyberzombie":1,"stat.walkOneCm":524690,"stat.useItem.minecraft.torch":59,"stat.useItem.minecraft.bread":1,"stat.useItem.minecraft.chest":1,"stat.pickup.minecraft.stick":15,"stat.useItem.cyberware.katana":79,"stat.pickup.minecraft.crafting_table":4,"stat.craftItem.minecraft.crafting_table":5,"stat.pickup.cgm.handgun":1,"stat.mineBlock.minecraft.emerald_ore":1,"stat.killEntity.cyberskeleton":4,"stat.pickup.minecraft.log":37,"stat.craftItem.minecraft.diamond_boots":1,"stat.pickup.minecraft.iron_pickaxe":2,"stat.pickup.minecraft.stone":61,"stat.useItem.minecraft.stained_hardened_clay":140,"stat.pickup.minecraft.sapling":2,"stat.pickup.minecraft.ladder":4,"stat.killEntity.Skeleton":17,"stat.pickup.minecraft.beetroot":3,"stat.mineBlock.minecraft.stonebrick":11,"stat.pickup.cyberware.neuropozyne":50,"stat.craftItem.minecraft.planks":144,"stat.pickup.biomesoplenty.log_2":10,"stat.useItem.minecraft.iron_sword":16,"stat.killEntity.Spider":11,"stat.mobKills":58,"stat.useItem.minecraft.stonebrick":4,"stat.pickup.minecraft.book":18,"stat.mineBlock.minecraft.bookshelf":5,"stat.mineBlock.minecraft.log":4,"stat.useItem.minecraft.monster_egg":2,"stat.pickup.minecraft.diamond":9,"stat.pickup.minecraft.beetroot_seeds":4,"stat.mineBlock.minecraft.leaves":4,"stat.pickup.minecraft.torch":7,"stat.mineBlock.minecraft.redstone_ore":8,"stat.sneakTime":11809,"stat.pickup.minecraft.wool":5,"stat.useItem.minecraft.wooden_axe":21,"stat.mineBlock.minecraft.stone":233,"stat.entityKilledBy.cyberskeleton":7,"stat.pickup.minecraft.chest":1}