{"stat.pickup.dynamictrees.acaciaseed":3,"stat.walkOneCm":24182,"stat.pickup.minecraft.stick":4,"stat.leaveGame":5,"stat.jump":314,"stat.swimOneCm":11044,"stat.fallOneCm":11596,"stat.climbOneCm":1478,"stat.entityKilledBy.cyberzombie":1,"stat.crouchOneCm":1875,"stat.pickup.minecraft.dirt":4,"stat.useItem.minecraft.dirt":2,"stat.sprintOneCm":24891,"stat.useItem.minecraft.stone_slab2":2,"stat.mineBlock.biomesoplenty.flower_0":1,"stat.mineBlock.minecraft.log2":1,"stat.damageTaken":1269,"stat.mobKills":1,"stat.mineBlock.biomesoplenty.plant_0":6,"stat.pickup.minecraft.log2":7,"stat.flyOneCm":55883,"stat.deaths":4,"stat.pickup.minecraft.wheat_seeds":13,"stat.playOneMinute":34332,"stat.killEntity.Sheep":1,"stat.sneakTime":1282,"stat.pickup.minecraft.wool":1,"stat.damageDealt":165,"stat.timeSinceDeath":13126,"stat.mineBlock.minecraft.dirt":8,"stat.mineBlock.minecraft.tallgrass":10,"stat.diveOneCm":7668,"stat.entityKilledBy.cyberskeleton":2,"stat.pickup.minecraft.mutton":2}