{"stat.pickup.dynamictrees.acaciaseed":5,"stat.leaveGame":12,"stat.useItem.minecraft.mutton":2,"stat.swimOneCm":22988,"stat.climbOneCm":2476,"stat.useItem.minecraft.planks":5,"stat.entityKilledBy.cyberzombie":1,"stat.pickup.minecraft.cooked_porkchop":7,"stat.useItem.minecraft.dirt":14,"stat.useItem.minecraft.stone_slab2":31,"stat.craftItem.minecraft.furnace":1,"stat.entityKilledBy.Spider":1,"stat.craftItem.minecraft.stone_axe":1,"stat.craftItem.minecraft.stone_pickaxe":1,"stat.pickup.minecraft.cobblestone":316,"stat.pickup.minecraft.diamond_leggings":1,"stat.flyOneCm":363899,"stat.pickup.dynamictrees.spruceseed":3,"stat.pickup.minecraft.redstone":37,"stat.mineBlock.minecraft.iron_ore":20,"stat.timeSinceDeath":1518,"stat.useItem.minecraft.sign":1,"stat.useItem.minecraft.iron_pickaxe":224,"stat.craftItem.minecraft.wooden_pickaxe":2,"stat.pickup.minecraft.mutton":7,"stat.pickup.minecraft.stonebrick":8,"stat.furnaceInteraction":3,"stat.useItem.minecraft.cooked_porkchop":3,"stat.mineBlock.minecraft.coal_ore":40,"stat.pickup.minecraft.string":2,"stat.entityKilledBy.Skeleton":2,"stat.craftItem.minecraft.stone_slab2":0,"stat.drop.minecraft.monster_egg":62,"stat.sprintOneCm":114684,"stat.mineBlock.biomesoplenty.flower_0":1,"stat.craftItem.minecraft.stick":20,"stat.craftItem.minecraft.wooden_axe":2,"stat.mineBlock.minecraft.crafting_table":4,"stat.pickup.minecraft.emerald":1,"stat.pickup.minecraft.diamond_chestplate":1,"stat.entityKilledBy.Creeper":1,"stat.deaths":18,"stat.mineBlock.minecraft.planks":3,"stat.drop":1,"stat.playOneMinute":194424,"stat.killEntity.Sheep":5,"stat.craftItem.minecraft.diamond_axe":1,"stat.mineBlock.minecraft.tallgrass":13,"stat.diveOneCm":17600,"stat.pickup.minecraft.wheat":8,"stat.chestOpened":6,"stat.craftItem.minecraft.sign":3,"stat.useItem.minecraft.stone":11,"stat.useItem.minecraft.diamond_axe":1,"stat.craftItem.biomesoplenty.planks_0":40,"stat.jump":1206,"stat.pickup.minecraft.iron_helmet":1,"stat.pickup.minecraft.coal":40,"stat.fallOneCm":26244,"stat.useItem.minecraft.stone_axe":2,"stat.crouchOneCm":12320,"stat.craftItem.minecraft.iron_ingot":3,"stat.pickup.minecraft.dirt":19,"stat.useItem.minecraft.cooked_chicken":2,"stat.craftingTableInteraction":19,"stat.pickup.minecraft.iron_ore":20,"stat.mineBlock.minecraft.glass_pane":3,"stat.mineBlock.minecraft.log2":11,"stat.pickup.minecraft.wooden_pickaxe":1,"stat.damageTaken":5319,"stat.craftItem.minecraft.wooden_button":2,"stat.mineBlock.minecraft.torch":1,"stat.useItem.minecraft.wooden_pickaxe":25,"stat.mineBlock.biomesoplenty.plant_0":9,"stat.pickup.minecraft.log2":26,"stat.pickup.minecraft.planks":41,"stat.entityKilledBy.ZombieVillager":1,"stat.pickup.minecraft.wheat_seeds":34,"stat.entityKilledBy.Zombie":2,"stat.useItem.minecraft.stone_pickaxe":87,"stat.damageDealt":1246,"stat.mineBlock.minecraft.dirt":22,"stat.walkOneCm":162491,"stat.pickup.minecraft.stick":12,"stat.pickup.minecraft.crafting_table":4,"stat.craftItem.minecraft.crafting_table":3,"stat.mineBlock.minecraft.emerald_ore":1,"stat.pickup.minecraft.log":10,"stat.craftItem.minecraft.diamond_boots":1,"stat.pickup.minecraft.iron_pickaxe":1,"stat.pickup.minecraft.stone":61,"stat.mineBlock.minecraft.stonebrick":9,"stat.craftItem.minecraft.planks":100,"stat.pickup.biomesoplenty.log_2":10,"stat.killEntity.Spider":1,"stat.mobKills":6,"stat.useItem.minecraft.stonebrick":4,"stat.useItem.minecraft.monster_egg":2,"stat.pickup.minecraft.diamond":7,"stat.pickup.minecraft.torch":2,"stat.mineBlock.minecraft.redstone_ore":8,"stat.sneakTime":6121,"stat.pickup.minecraft.wool":5,"stat.useItem.minecraft.wooden_axe":21,"stat.mineBlock.minecraft.stone":233,"stat.entityKilledBy.cyberskeleton":5}