{"stat.pickup.dynamictrees.acaciaseed":5,"stat.chestOpened":6,"stat.craftItem.minecraft.sign":3,"stat.useItem.minecraft.stone":3,"stat.leaveGame":10,"stat.useItem.minecraft.diamond_axe":1,"stat.craftItem.biomesoplenty.planks_0":40,"stat.useItem.minecraft.mutton":2,"stat.jump":1026,"stat.swimOneCm":22988,"stat.pickup.minecraft.iron_helmet":1,"stat.fallOneCm":26033,"stat.climbOneCm":2476,"stat.useItem.minecraft.planks":5,"stat.entityKilledBy.cyberzombie":1,"stat.pickup.minecraft.cooked_porkchop":7,"stat.useItem.minecraft.stone_axe":2,"stat.crouchOneCm":9081,"stat.pickup.minecraft.dirt":19,"stat.useItem.minecraft.dirt":14,"stat.useItem.minecraft.stone_slab2":30,"stat.useItem.minecraft.cooked_chicken":2,"stat.craftingTableInteraction":19,"stat.pickup.minecraft.iron_ore":6,"stat.craftItem.minecraft.furnace":1,"stat.entityKilledBy.Spider":1,"stat.craftItem.minecraft.stone_axe":1,"stat.mineBlock.minecraft.glass_pane":3,"stat.mineBlock.minecraft.log2":11,"stat.damageTaken":4753,"stat.craftItem.minecraft.wooden_button":2,"stat.mineBlock.minecraft.torch":1,"stat.craftItem.minecraft.stone_pickaxe":1,"stat.useItem.minecraft.wooden_pickaxe":25,"stat.pickup.minecraft.cobblestone":196,"stat.mineBlock.biomesoplenty.plant_0":9,"stat.pickup.minecraft.log2":26,"stat.pickup.minecraft.planks":8,"stat.entityKilledBy.ZombieVillager":1,"stat.flyOneCm":357788,"stat.pickup.dynamictrees.spruceseed":3,"stat.pickup.minecraft.wheat_seeds":34,"stat.entityKilledBy.Zombie":2,"stat.useItem.minecraft.stone_pickaxe":16,"stat.damageDealt":1197,"stat.mineBlock.minecraft.iron_ore":6,"stat.timeSinceDeath":15739,"stat.mineBlock.minecraft.dirt":22,"stat.useItem.minecraft.sign":1,"stat.useItem.minecraft.iron_pickaxe":99,"stat.craftItem.minecraft.wooden_pickaxe":2,"stat.pickup.minecraft.mutton":7,"stat.walkOneCm":110203,"stat.pickup.minecraft.stick":12,"stat.pickup.minecraft.crafting_table":4,"stat.pickup.minecraft.stonebrick":8,"stat.craftItem.minecraft.crafting_table":3,"stat.furnaceInteraction":2,"stat.useItem.minecraft.cooked_porkchop":1,"stat.mineBlock.minecraft.emerald_ore":1,"stat.pickup.minecraft.string":2,"stat.pickup.minecraft.log":10,"stat.craftItem.minecraft.diamond_boots":1,"stat.pickup.minecraft.iron_pickaxe":1,"stat.entityKilledBy.Skeleton":2,"stat.drop.minecraft.monster_egg":62,"stat.pickup.minecraft.stone":51,"stat.sprintOneCm":102626,"stat.mineBlock.biomesoplenty.flower_0":1,"stat.craftItem.minecraft.stick":20,"stat.craftItem.minecraft.wooden_axe":2,"stat.mineBlock.minecraft.stonebrick":9,"stat.craftItem.minecraft.planks":100,"stat.pickup.biomesoplenty.log_2":10,"stat.killEntity.Spider":1,"stat.mineBlock.minecraft.crafting_table":4,"stat.mobKills":6,"stat.pickup.minecraft.emerald":1,"stat.pickup.minecraft.diamond_chestplate":1,"stat.useItem.minecraft.stonebrick":4,"stat.entityKilledBy.Creeper":1,"stat.deaths":17,"stat.useItem.minecraft.monster_egg":2,"stat.mineBlock.minecraft.planks":3,"stat.drop":1,"stat.pickup.minecraft.diamond":7,"stat.playOneMinute":170073,"stat.pickup.minecraft.torch":2,"stat.killEntity.Sheep":5,"stat.sneakTime":4975,"stat.pickup.minecraft.wool":5,"stat.useItem.minecraft.wooden_axe":21,"stat.craftItem.minecraft.diamond_axe":1,"stat.mineBlock.minecraft.stone":103,"stat.mineBlock.minecraft.tallgrass":13,"stat.diveOneCm":13353,"stat.entityKilledBy.cyberskeleton":4,"stat.pickup.minecraft.wheat":8}