{"stat.pickup.dynamictrees.acaciaseed":3,"stat.chestOpened":6,"stat.walkOneCm":52813,"stat.craftItem.minecraft.sign":3,"stat.pickup.minecraft.stick":4,"stat.leaveGame":8,"stat.pickup.minecraft.stonebrick":8,"stat.craftItem.minecraft.crafting_table":1,"stat.jump":591,"stat.swimOneCm":20490,"stat.fallOneCm":16633,"stat.climbOneCm":1478,"stat.entityKilledBy.cyberzombie":1,"stat.drop.minecraft.monster_egg":62,"stat.pickup.minecraft.stone":1,"stat.crouchOneCm":2625,"stat.pickup.minecraft.dirt":16,"stat.useItem.minecraft.dirt":13,"stat.sprintOneCm":55787,"stat.useItem.minecraft.stone_slab2":19,"stat.mineBlock.biomesoplenty.flower_0":1,"stat.useItem.minecraft.cooked_chicken":2,"stat.craftItem.minecraft.stick":4,"stat.craftingTableInteraction":5,"stat.mineBlock.minecraft.stonebrick":9,"stat.mineBlock.minecraft.glass_pane":3,"stat.mineBlock.minecraft.log2":2,"stat.damageTaken":2243,"stat.useItem.minecraft.wooden_pickaxe":25,"stat.mobKills":1,"stat.pickup.minecraft.cobblestone":6,"stat.useItem.minecraft.stonebrick":4,"stat.mineBlock.biomesoplenty.plant_0":7,"stat.pickup.minecraft.log2":8,"stat.entityKilledBy.Creeper":1,"stat.flyOneCm":291347,"stat.deaths":8,"stat.useItem.minecraft.monster_egg":2,"stat.pickup.minecraft.wheat_seeds":13,"stat.drop":1,"stat.playOneMinute":127293,"stat.entityKilledBy.Zombie":2,"stat.killEntity.Sheep":1,"stat.useItem.minecraft.stone_pickaxe":15,"stat.sneakTime":2385,"stat.pickup.minecraft.wool":1,"stat.damageDealt":348,"stat.timeSinceDeath":1247,"stat.mineBlock.minecraft.dirt":20,"stat.useItem.minecraft.sign":1,"stat.mineBlock.minecraft.stone":10,"stat.craftItem.minecraft.wooden_pickaxe":1,"stat.mineBlock.minecraft.tallgrass":11,"stat.diveOneCm":12953,"stat.entityKilledBy.cyberskeleton":3,"stat.pickup.minecraft.mutton":2}