{"stat.pickup.dynamictrees.acaciaseed":3,"stat.walkOneCm":26793,"stat.pickup.minecraft.stick":4,"stat.leaveGame":8,"stat.jump":341,"stat.swimOneCm":12139,"stat.fallOneCm":11596,"stat.climbOneCm":1478,"stat.entityKilledBy.cyberzombie":1,"stat.pickup.minecraft.stone":1,"stat.crouchOneCm":2254,"stat.pickup.minecraft.dirt":9,"stat.useItem.minecraft.dirt":7,"stat.sprintOneCm":24891,"stat.useItem.minecraft.stone_slab2":8,"stat.mineBlock.biomesoplenty.flower_0":1,"stat.mineBlock.minecraft.log2":1,"stat.damageTaken":1643,"stat.useItem.minecraft.wooden_pickaxe":16,"stat.mobKills":1,"stat.pickup.minecraft.cobblestone":6,"stat.mineBlock.biomesoplenty.plant_0":7,"stat.pickup.minecraft.log2":7,"stat.entityKilledBy.Creeper":1,"stat.flyOneCm":161851,"stat.deaths":6,"stat.pickup.minecraft.wheat_seeds":13,"stat.playOneMinute":92574,"stat.entityKilledBy.Zombie":1,"stat.killEntity.Sheep":1,"stat.useItem.minecraft.stone_pickaxe":15,"stat.sneakTime":1913,"stat.pickup.minecraft.wool":1,"stat.damageDealt":255,"stat.timeSinceDeath":3252,"stat.mineBlock.minecraft.dirt":13,"stat.mineBlock.minecraft.stone":10,"stat.mineBlock.minecraft.tallgrass":11,"stat.diveOneCm":9845,"stat.entityKilledBy.cyberskeleton":2,"stat.pickup.minecraft.mutton":2}