{"stat.pickup.dynamictrees.acaciaseed":5,"stat.pickup.minecraft.bone":35,"stat.leaveGame":19,"stat.pickup.cfm.modern_bed_bottom":1,"stat.pickup.cyberware.katana":1,"stat.useItem.minecraft.mutton":8,"stat.swimOneCm":26520,"stat.climbOneCm":36799,"stat.useItem.minecraft.planks":12,"stat.mineBlock.minecraft.web":1,"stat.entityKilledBy.cyberzombie":1,"stat.pickup.spartanshields.shield_basic_iron":1,"stat.pickup.minecraft.cooked_porkchop":7,"stat.useItem.minecraft.dirt":14,"stat.useItem.minecraft.stone_slab2":169,"stat.pickup.minecraft.iron_boots":2,"stat.mineBlock.minecraft.stone_brick_stairs":3,"stat.pickup.minecraft.rotten_flesh":27,"stat.craftItem.minecraft.furnace":1,"stat.entityKilledBy.Spider":3,"stat.craftItem.minecraft.stone_axe":1,"stat.useItem.minecraft.vine":9,"stat.craftItem.minecraft.stone_pickaxe":1,"stat.pickup.cyberware.cybereye_upgrades":2,"stat.pickup.minecraft.cobblestone":457,"stat.pickup.minecraft.diamond_leggings":1,"stat.flyOneCm":465890,"stat.pickup.dynamictrees.spruceseed":3,"stat.pickup.minecraft.redstone":37,"stat.mineBlock.minecraft.iron_ore":20,"stat.timeSinceDeath":22368,"stat.useItem.minecraft.sign":1,"stat.useItem.minecraft.iron_pickaxe":346,"stat.pickup.minecraft.stained_hardened_clay":71,"stat.craftItem.minecraft.wooden_pickaxe":3,"stat.pickup.minecraft.mutton":14,"stat.pickup.rewired.shield.polymer":1,"stat.mineBlock.minecraft.vine":1,"stat.pickup.minecraft.stonebrick":10,"stat.furnaceInteraction":5,"stat.pickup.minecraft.spruce_fence":1,"stat.useItem.minecraft.cooked_porkchop":3,"stat.mineBlock.minecraft.coal_ore":40,"stat.talkedToVillager":2,"stat.pickup.minecraft.string":7,"stat.mineBlock.minecraft.ladder":3,"stat.entityKilledBy.Skeleton":6,"stat.craftItem.minecraft.stone_slab2":0,"stat.drop.minecraft.monster_egg":62,"stat.mineBlock.minecraft.stained_hardened_clay":110,"stat.sprintOneCm":263431,"stat.pickup.minecraft.iron_chestplate":1,"stat.mineBlock.biomesoplenty.flower_0":1,"stat.pickup.cgm.workbench":1,"stat.useItem.spartanweaponry.saber_iron":60,"stat.pickup.minecraft.skull":1,"stat.craftItem.minecraft.stick":44,"stat.craftItem.minecraft.wooden_axe":2,"stat.mineBlock.minecraft.crafting_table":4,"stat.mineBlock.minecraft.quartz_block":1,"stat.useItem.minecraft.carrot":3,"stat.pickup.minecraft.emerald":1,"stat.pickup.minecraft.diamond_chestplate":1,"stat.pickup.dynamictrees.oakseed":5,"stat.entityKilledBy.Creeper":1,"stat.deaths":31,"stat.mineBlock.minecraft.planks":5,"stat.drop":1,"stat.playOneMinute":310166,"stat.killEntity.Sheep":5,"stat.useItem.minecraft.ladder":3,"stat.killEntity.Zombie":16,"stat.pickup.cyberware.cybereyes":1,"stat.craftItem.minecraft.diamond_axe":1,"stat.mineBlock.minecraft.tallgrass":13,"stat.diveOneCm":30455,"stat.pickup.minecraft.wheat":13,"stat.chestOpened":34,"stat.craftItem.minecraft.sign":3,"stat.useItem.minecraft.stone":11,"stat.useItem.spartanweaponry.boomerang_iron":5,"stat.pickup.minecraft.arrow":29,"stat.pickup.minecraft.iron_sword":1,"stat.useItem.minecraft.diamond_axe":1,"stat.craftItem.biomesoplenty.planks_0":40,"stat.pickup.minecraft.stone_brick_stairs":1,"stat.jump":1954,"stat.pickup.minecraft.iron_helmet":2,"stat.pickup.minecraft.coal":73,"stat.fallOneCm":38692,"stat.pickup.minecraft.iron_ingot":3,"stat.pickup.minecraft.carrot":90,"stat.useItem.minecraft.stone_axe":2,"stat.crouchOneCm":24779,"stat.pickup.minecraft.spider_eye":1,"stat.craftItem.minecraft.iron_ingot":3,"stat.craftItem.minecraft.torch":24,"stat.pickup.minecraft.dirt":21,"stat.useItem.minecraft.cooked_chicken":2,"stat.craftingTableInteraction":20,"stat.pickup.minecraft.iron_ore":20,"stat.pickup.minecraft.gold_ore":15,"stat.mineBlock.minecraft.glass_pane":3,"stat.mineBlock.minecraft.log2":11,"stat.pickup.minecraft.wooden_pickaxe":1,"stat.damageTaken":8669,"stat.craftItem.minecraft.wooden_button":2,"stat.mineBlock.minecraft.torch":1,"stat.useItem.minecraft.wooden_pickaxe":28,"stat.pickup.rewired.necrolimb":3,"stat.mineBlock.biomesoplenty.plant_0":9,"stat.pickup.minecraft.log2":26,"stat.pickup.minecraft.planks":43,"stat.entityKilledBy.ZombieVillager":1,"stat.mineBlock.minecraft.spruce_fence":1,"stat.pickup.minecraft.iron_leggings":1,"stat.pickup.minecraft.bed":2,"stat.pickup.minecraft.wheat_seeds":54,"stat.pickup.minecraft.quartz_block":1,"stat.entityKilledBy.Zombie":5,"stat.useItem.minecraft.stone_pickaxe":87,"stat.damageDealt":9074,"stat.pickup.spartanweaponry.saber_iron":1,"stat.sleepInBed":10,"stat.mineBlock.minecraft.dirt":24,"stat.walkOneCm":427591,"stat.useItem.minecraft.torch":23,"stat.pickup.minecraft.stick":15,"stat.useItem.cyberware.katana":61,"stat.pickup.minecraft.crafting_table":4,"stat.craftItem.minecraft.crafting_table":5,"stat.pickup.cgm.handgun":1,"stat.mineBlock.minecraft.emerald_ore":1,"stat.killEntity.cyberskeleton":4,"stat.pickup.minecraft.log":33,"stat.craftItem.minecraft.diamond_boots":1,"stat.pickup.minecraft.iron_pickaxe":2,"stat.pickup.minecraft.stone":61,"stat.useItem.minecraft.stained_hardened_clay":38,"stat.pickup.minecraft.sapling":1,"stat.pickup.minecraft.ladder":3,"stat.killEntity.Skeleton":17,"stat.pickup.minecraft.beetroot":3,"stat.mineBlock.minecraft.stonebrick":11,"stat.craftItem.minecraft.planks":128,"stat.pickup.biomesoplenty.log_2":10,"stat.useItem.minecraft.iron_sword":16,"stat.killEntity.Spider":4,"stat.mobKills":48,"stat.useItem.minecraft.stonebrick":4,"stat.pickup.minecraft.book":3,"stat.mineBlock.minecraft.bookshelf":1,"stat.useItem.minecraft.monster_egg":2,"stat.pickup.minecraft.diamond":8,"stat.pickup.minecraft.beetroot_seeds":4,"stat.pickup.minecraft.torch":2,"stat.mineBlock.minecraft.redstone_ore":8,"stat.sneakTime":10840,"stat.pickup.minecraft.wool":5,"stat.useItem.minecraft.wooden_axe":21,"stat.mineBlock.minecraft.stone":233,"stat.entityKilledBy.cyberskeleton":7}