{"stat.pickup.dynamictrees.acaciaseed":1,"stat.walkOneCm":8468,"stat.pickup.minecraft.stick":3,"stat.leaveGame":1,"stat.damageTaken":830,"stat.drop.minecraft.dirt":3,"stat.pickup.cyberware.cyberheart":1,"stat.pickup.minecraft.log2":5,"stat.flyOneCm":15766,"stat.deaths":3,"stat.drop":3,"stat.jump":73,"stat.swimOneCm":1923,"stat.playOneMinute":16400,"stat.fallOneCm":1568,"stat.climbOneCm":1216,"stat.entityKilledBy.Zombie":2,"stat.sneakTime":622,"stat.damageDealt":196,"stat.crouchOneCm":597,"stat.timeSinceDeath":9930,"stat.pickup.minecraft.dirt":7,"stat.useItem.minecraft.dirt":1,"stat.sprintOneCm":5400,"stat.mineBlock.minecraft.dirt":4,"stat.useItem.minecraft.stone_slab2":1,"stat.mineBlock.minecraft.tallgrass":13,"stat.entityKilledBy.cyberskeleton":1}