{"stat.pickup.minecraft.bone":9,"stat.useItem.minecraft.stone":17,"stat.useItem.minecraft.iron_axe":37,"stat.leaveGame":1,"stat.pickup.minecraft.arrow":9,"stat.mineBlock.minecraft.cobblestone":2,"stat.craftItem.minecraft.iron_axe":1,"stat.pickup.cyberware.bone_upgrades":1,"stat.jump":1233,"stat.swimOneCm":17448,"stat.pickup.minecraft.coal":41,"stat.fallOneCm":31349,"stat.pickup.minecraft.iron_ingot":22,"stat.craftItem.minecraft.shield":1,"stat.entityKilledBy.cyberzombie":1,"stat.pickup.minecraft.cooked_porkchop":30,"stat.useItem.minecraft.stone_axe":11,"stat.pickup.minecraft.porkchop":2,"stat.pickup.minecraft.gunpowder":2,"stat.crouchOneCm":505,"stat.pickup.minecraft.spider_eye":1,"stat.craftItem.minecraft.torch":20,"stat.craftItem.minecraft.iron_ingot":28,"stat.pickup.minecraft.dirt":16,"stat.useItem.minecraft.stone_slab2":11,"stat.craftingTableInteraction":25,"stat.pickup.minecraft.iron_ore":73,"stat.pickup.minecraft.rotten_flesh":4,"stat.craftItem.minecraft.furnace":3,"stat.mineBlock.mca.rose_gold_ore":17,"stat.pickup.minecraft.gold_ore":11,"stat.mineBlock.minecraft.lapis_ore":1,"stat.craftItem.minecraft.stone_axe":1,"stat.craftItem.minecraft.iron_boots":1,"stat.mineBlock.minecraft.log2":6,"stat.damageTaken":3426,"stat.craftItem.minecraft.stone_pickaxe":2,"stat.useItem.minecraft.wooden_pickaxe":25,"stat.useItem.minecraft.furnace":1,"stat.craftItem.mca.rose_gold_ingot":1,"stat.pickup.minecraft.cobblestone":228,"stat.mineBlock.biomesoplenty.plant_0":11,"stat.pickup.minecraft.log2":6,"stat.pickup.minecraft.dye":8,"stat.flyOneCm":132077,"stat.pickup.minecraft.brown_mushroom":1,"stat.pickup.minecraft.wheat_seeds":22,"stat.entityKilledBy.Zombie":2,"stat.mineBlock.biomesoplenty.gem_ore":1,"stat.useItem.minecraft.stone_pickaxe":260,"stat.pickup.cyberware.leg_upgrades":1,"stat.craftItem.minecraft.iron_leggings":1,"stat.damageDealt":3259,"stat.mineBlock.minecraft.iron_ore":74,"stat.timeSinceDeath":26461,"stat.useItem.minecraft.crafting_table":3,"stat.mineBlock.minecraft.dirt":13,"stat.useItem.minecraft.iron_pickaxe":26,"stat.craftItem.minecraft.wooden_pickaxe":1,"stat.killEntity.Pig":1,"stat.pickup.minecraft.mutton":2,"stat.killEntity.cyberzombie":1,"stat.walkOneCm":168605,"stat.craftItem.minecraft.bed":1,"stat.useItem.minecraft.torch":21,"stat.pickup.dynamictrees.birchseed":4,"stat.pickup.minecraft.stick":12,"stat.pickup.minecraft.diamond_pickaxe":2,"stat.pickup.minecraft.crafting_table":3,"stat.useItem.minecraft.cobblestone":17,"stat.craftItem.minecraft.crafting_table":4,"stat.furnaceInteraction":27,"stat.useItem.minecraft.cooked_porkchop":7,"stat.pickup.cgm.handgun":2,"stat.mineBlock.minecraft.coal_ore":42,"stat.killEntity.Creeper":1,"stat.mineBlock.minecraft.emerald_ore":3,"stat.killEntity.cyberskeleton":2,"stat.pickup.minecraft.string":6,"stat.pickup.minecraft.log":15,"stat.entityKilledBy.Skeleton":6,"stat.craftItem.minecraft.gold_ingot":6,"stat.pickup.minecraft.stone":43,"stat.sprintOneCm":86031,"stat.craftItem.minecraft.stick":16,"stat.craftItem.minecraft.wooden_axe":1,"stat.pickup.mca.rose_gold_ore":17,"stat.killEntity.Skeleton":5,"stat.pickup.minecraft.beetroot":1,"stat.pickup.biomesoplenty.gem":1,"stat.craftItem.minecraft.planks":60,"stat.mineBlock.biomesoplenty.mushroom":1,"stat.killEntity.Spider":5,"stat.mineBlock.minecraft.crafting_table":4,"stat.useItem.minecraft.diamond_pickaxe":115,"stat.killEntity.familiarfauna.deer":2,"stat.mobKills":23,"stat.pickup.minecraft.diamond_chestplate":2,"stat.pickup.minecraft.emerald":3,"stat.pickup.dynamictrees.oakseed":6,"stat.mineBlock.minecraft.log":1,"stat.entityKilledBy.Creeper":1,"stat.pickup.familiarfauna.venison_raw":4,"stat.deaths":10,"stat.drop":8,"stat.pickup.minecraft.diamond":2,"stat.pickup.minecraft.beetroot_seeds":1,"stat.playOneMinute":63689,"stat.pickup.cyberware.heart_upgrades":1,"stat.pickup.minecraft.torch":2,"stat.killEntity.Sheep":1,"stat.sneakTime":163,"stat.craftItem.minecraft.iron_pickaxe":1,"stat.pickup.minecraft.wool":3,"stat.killEntity.Zombie":4,"stat.useItem.minecraft.wooden_axe":2,"stat.drop.minecraft.iron_ingot":8,"stat.mineBlock.minecraft.stone":260,"stat.mineBlock.minecraft.gold_ore":13,"stat.mineBlock.minecraft.tallgrass":12,"stat.diveOneCm":1263,"stat.useItem.minecraft.beetroot":1,"stat.pickup.minecraft.wheat":13}