{"stat.pickup.minecraft.beetroot":1,"stat.walkOneCm":12953,"stat.leaveGame":1,"stat.damageTaken":775,"stat.killEntity.Spider":1,"stat.mobKills":1,"stat.mineBlock.biomesoplenty.plant_0":3,"stat.mineBlock.minecraft.log":1,"stat.pickup.minecraft.string":1,"stat.pickup.minecraft.log":1,"stat.flyOneCm":42959,"stat.deaths":3,"stat.pickup.minecraft.wheat_seeds":20,"stat.jump":192,"stat.swimOneCm":1153,"stat.pickup.minecraft.beetroot_seeds":1,"stat.playOneMinute":6304,"stat.fallOneCm":4828,"stat.entityKilledBy.Zombie":2,"stat.entityKilledBy.Skeleton":1,"stat.damageDealt":360,"stat.timeSinceDeath":182,"stat.pickup.minecraft.spider_eye":1,"stat.sprintOneCm":21720,"stat.mineBlock.minecraft.tallgrass":4,"stat.useItem.minecraft.beetroot":1,"stat.pickup.minecraft.wheat":13}