{"stat.walkOneCm":26105,"stat.pickup.dynamictrees.birchseed":4,"stat.pickup.minecraft.stick":7,"stat.leaveGame":1,"stat.pickup.minecraft.string":3,"stat.pickup.minecraft.log":6,"stat.jump":406,"stat.swimOneCm":3208,"stat.fallOneCm":14926,"stat.entityKilledBy.cyberzombie":1,"stat.entityKilledBy.Skeleton":3,"stat.pickup.minecraft.spider_eye":1,"stat.sprintOneCm":39793,"stat.pickup.minecraft.beetroot":1,"stat.mineBlock.minecraft.log2":6,"stat.damageTaken":1790,"stat.killEntity.Spider":3,"stat.mobKills":4,"stat.mineBlock.biomesoplenty.plant_0":11,"stat.mineBlock.minecraft.log":1,"stat.pickup.minecraft.log2":6,"stat.flyOneCm":80304,"stat.deaths":6,"stat.pickup.minecraft.wheat_seeds":22,"stat.pickup.minecraft.beetroot_seeds":1,"stat.playOneMinute":14189,"stat.entityKilledBy.Zombie":2,"stat.killEntity.Sheep":1,"stat.pickup.minecraft.wool":1,"stat.damageDealt":714,"stat.timeSinceDeath":2656,"stat.mineBlock.minecraft.tallgrass":12,"stat.useItem.minecraft.beetroot":1,"stat.diveOneCm":1194,"stat.pickup.minecraft.mutton":2,"stat.pickup.minecraft.wheat":13}