{"stat.walkOneCm":48824,"stat.useItem.minecraft.torch":6,"stat.pickup.dynamictrees.birchseed":4,"stat.pickup.minecraft.stick":12,"stat.leaveGame":1,"stat.pickup.minecraft.crafting_table":3,"stat.craftItem.minecraft.crafting_table":3,"stat.useItem.minecraft.cooked_porkchop":2,"stat.pickup.cgm.handgun":1,"stat.mineBlock.minecraft.coal_ore":25,"stat.pickup.minecraft.string":3,"stat.pickup.minecraft.log":15,"stat.jump":531,"stat.swimOneCm":3208,"stat.pickup.minecraft.coal":25,"stat.fallOneCm":15946,"stat.entityKilledBy.cyberzombie":1,"stat.entityKilledBy.Skeleton":3,"stat.pickup.minecraft.cooked_porkchop":26,"stat.useItem.minecraft.stone_axe":5,"stat.pickup.minecraft.porkchop":2,"stat.pickup.minecraft.stone":25,"stat.crouchOneCm":14,"stat.pickup.minecraft.spider_eye":1,"stat.craftItem.minecraft.torch":20,"stat.pickup.minecraft.dirt":15,"stat.sprintOneCm":44089,"stat.useItem.minecraft.stone_slab2":3,"stat.craftItem.minecraft.stick":12,"stat.craftItem.minecraft.wooden_axe":1,"stat.craftingTableInteraction":5,"stat.pickup.minecraft.beetroot":1,"stat.craftItem.minecraft.planks":32,"stat.craftItem.minecraft.stone_axe":1,"stat.mineBlock.minecraft.log2":6,"stat.damageTaken":1800,"stat.killEntity.Spider":3,"stat.mineBlock.minecraft.crafting_table":4,"stat.craftItem.minecraft.stone_pickaxe":2,"stat.killEntity.familiarfauna.deer":2,"stat.useItem.minecraft.wooden_pickaxe":25,"stat.mobKills":7,"stat.pickup.minecraft.cobblestone":127,"stat.pickup.dynamictrees.oakseed":6,"stat.mineBlock.biomesoplenty.plant_0":11,"stat.mineBlock.minecraft.log":1,"stat.pickup.minecraft.log2":6,"stat.pickup.familiarfauna.venison_raw":4,"stat.flyOneCm":81692,"stat.deaths":6,"stat.pickup.minecraft.wheat_seeds":22,"stat.pickup.minecraft.beetroot_seeds":1,"stat.playOneMinute":26789,"stat.entityKilledBy.Zombie":2,"stat.killEntity.Sheep":1,"stat.useItem.minecraft.stone_pickaxe":163,"stat.sneakTime":27,"stat.pickup.minecraft.wool":3,"stat.damageDealt":976,"stat.timeSinceDeath":15256,"stat.useItem.minecraft.wooden_axe":2,"stat.useItem.minecraft.crafting_table":3,"stat.mineBlock.minecraft.dirt":12,"stat.killEntity.Pig":1,"stat.craftItem.minecraft.wooden_pickaxe":1,"stat.mineBlock.minecraft.stone":152,"stat.mineBlock.minecraft.tallgrass":12,"stat.useItem.minecraft.beetroot":1,"stat.diveOneCm":1194,"stat.pickup.minecraft.mutton":2,"stat.pickup.minecraft.wheat":13}