{"stat.pickup.minecraft.bone":9,"stat.useItem.minecraft.stone":6,"stat.useItem.minecraft.iron_axe":24,"stat.leaveGame":1,"stat.pickup.minecraft.arrow":9,"stat.mineBlock.minecraft.cobblestone":2,"stat.craftItem.minecraft.iron_axe":1,"stat.pickup.cyberware.bone_upgrades":1,"stat.jump":1052,"stat.swimOneCm":12653,"stat.pickup.minecraft.coal":25,"stat.fallOneCm":29615,"stat.pickup.minecraft.iron_ingot":22,"stat.entityKilledBy.cyberzombie":1,"stat.pickup.minecraft.cooked_porkchop":30,"stat.useItem.minecraft.stone_axe":11,"stat.pickup.minecraft.porkchop":2,"stat.crouchOneCm":303,"stat.pickup.minecraft.spider_eye":1,"stat.craftItem.minecraft.torch":20,"stat.craftItem.minecraft.iron_ingot":25,"stat.pickup.minecraft.dirt":16,"stat.useItem.minecraft.stone_slab2":8,"stat.craftingTableInteraction":20,"stat.pickup.minecraft.iron_ore":24,"stat.pickup.minecraft.rotten_flesh":3,"stat.craftItem.minecraft.furnace":2,"stat.mineBlock.mca.rose_gold_ore":3,"stat.pickup.minecraft.gold_ore":6,"stat.craftItem.minecraft.stone_axe":1,"stat.craftItem.minecraft.iron_boots":1,"stat.mineBlock.minecraft.log2":6,"stat.damageTaken":3305,"stat.craftItem.minecraft.stone_pickaxe":2,"stat.useItem.minecraft.wooden_pickaxe":25,"stat.useItem.minecraft.furnace":1,"stat.craftItem.mca.rose_gold_ingot":1,"stat.pickup.minecraft.cobblestone":205,"stat.mineBlock.biomesoplenty.plant_0":11,"stat.pickup.minecraft.log2":6,"stat.flyOneCm":128983,"stat.pickup.minecraft.brown_mushroom":1,"stat.pickup.minecraft.wheat_seeds":22,"stat.entityKilledBy.Zombie":2,"stat.mineBlock.biomesoplenty.gem_ore":1,"stat.useItem.minecraft.stone_pickaxe":260,"stat.pickup.cyberware.leg_upgrades":1,"stat.craftItem.minecraft.iron_leggings":1,"stat.damageDealt":2498,"stat.mineBlock.minecraft.iron_ore":25,"stat.timeSinceDeath":13861,"stat.useItem.minecraft.crafting_table":3,"stat.mineBlock.minecraft.dirt":13,"stat.useItem.minecraft.iron_pickaxe":26,"stat.craftItem.minecraft.wooden_pickaxe":1,"stat.killEntity.Pig":1,"stat.pickup.minecraft.mutton":2,"stat.walkOneCm":128272,"stat.craftItem.minecraft.bed":1,"stat.useItem.minecraft.torch":13,"stat.pickup.dynamictrees.birchseed":4,"stat.pickup.minecraft.stick":12,"stat.pickup.minecraft.crafting_table":3,"stat.useItem.minecraft.cobblestone":17,"stat.craftItem.minecraft.crafting_table":3,"stat.furnaceInteraction":19,"stat.useItem.minecraft.cooked_porkchop":7,"stat.pickup.cgm.handgun":1,"stat.mineBlock.minecraft.coal_ore":25,"stat.killEntity.cyberskeleton":2,"stat.pickup.minecraft.string":4,"stat.pickup.minecraft.log":15,"stat.entityKilledBy.Skeleton":6,"stat.craftItem.minecraft.gold_ingot":6,"stat.pickup.minecraft.stone":38,"stat.sprintOneCm":79986,"stat.craftItem.minecraft.stick":16,"stat.craftItem.minecraft.wooden_axe":1,"stat.pickup.mca.rose_gold_ore":3,"stat.killEntity.Skeleton":5,"stat.pickup.minecraft.beetroot":1,"stat.pickup.biomesoplenty.gem":1,"stat.craftItem.minecraft.planks":60,"stat.killEntity.Spider":4,"stat.mineBlock.minecraft.crafting_table":4,"stat.killEntity.familiarfauna.deer":2,"stat.mobKills":19,"stat.pickup.dynamictrees.oakseed":6,"stat.mineBlock.minecraft.log":1,"stat.entityKilledBy.Creeper":1,"stat.pickup.familiarfauna.venison_raw":4,"stat.deaths":10,"stat.drop":8,"stat.pickup.minecraft.diamond":2,"stat.pickup.minecraft.beetroot_seeds":1,"stat.playOneMinute":51089,"stat.pickup.minecraft.torch":1,"stat.killEntity.Sheep":1,"stat.sneakTime":95,"stat.craftItem.minecraft.iron_pickaxe":1,"stat.pickup.minecraft.wool":3,"stat.killEntity.Zombie":3,"stat.useItem.minecraft.wooden_axe":2,"stat.drop.minecraft.iron_ingot":8,"stat.mineBlock.minecraft.stone":234,"stat.mineBlock.minecraft.gold_ore":8,"stat.mineBlock.minecraft.tallgrass":12,"stat.diveOneCm":1263,"stat.useItem.minecraft.beetroot":1,"stat.pickup.minecraft.wheat":13}