{"stat.flyOneCm":5823,"stat.pickup.minecraft.double_plant":1,"stat.walkOneCm":6937,"stat.pickup.minecraft.wheat_seeds":2,"stat.drop":3,"stat.jump":64,"stat.swimOneCm":1703,"stat.playOneMinute":2749,"stat.fallOneCm":747,"stat.drop.minecraft.wheat_seeds":2,"stat.leaveGame":9,"stat.sneakTime":106,"stat.useItem.minecraft.stone_axe":1,"stat.drop.minecraft.double_plant":1,"stat.damageDealt":10,"stat.pickup.minecraft.stone_pickaxe":1,"stat.pickup.minecraft.stone_axe":1,"stat.crouchOneCm":48,"stat.pickup.minecraft.stone_sword":1,"stat.timeSinceDeath":2749,"stat.sprintOneCm":3487,"stat.diveOneCm":8861}