{"stat.leaveGame":11,"stat.pickup.minecraft.stone_pickaxe":1,"stat.pickup.minecraft.stone_axe":1,"stat.pickup.minecraft.flint":1,"stat.jump":457,"stat.swimOneCm":3620,"stat.pickup.minecraft.coal":47,"stat.fallOneCm":9862,"stat.useItem.minecraft.planks":40,"stat.useItem.minecraft.stone_axe":10,"stat.pickup.minecraft.porkchop":4,"stat.crouchOneCm":11017,"stat.craftItem.minecraft.torch":48,"stat.useItem.minecraft.stone_slab2":5,"stat.pickup.minecraft.iron_ore":36,"stat.craftingTableInteraction":2,"stat.craftItem.minecraft.furnace":2,"stat.drop.minecraft.double_plant":1,"stat.mineBlock.minecraft.log2":4,"stat.damageTaken":70,"stat.pickup.minecraft.cobblestone":22,"stat.pickup.minecraft.log2":13,"stat.flyOneCm":51202,"stat.pickup.dynamictrees.spruceseed":1,"stat.craftItem.familiarfauna.venison_cooked":1,"stat.pickup.minecraft.wheat_seeds":51,"stat.pickup.minecraft.potato":29,"stat.drop.minecraft.wheat_seeds":2,"stat.mineBlock.minecraft.gravel":1,"stat.useItem.minecraft.stone_pickaxe":110,"stat.useItem.minecraft.stone_sword":8,"stat.damageDealt":440,"stat.mineBlock.minecraft.iron_ore":34,"stat.timeSinceDeath":27409,"stat.mineBlock.minecraft.dirt":1,"stat.killEntity.Pig":2,"stat.pickup.minecraft.mutton":2,"stat.pickup.minecraft.double_plant":1,"stat.pickup.dynamictrees.darkoakseed":3,"stat.walkOneCm":61831,"stat.useItem.minecraft.torch":33,"stat.pickup.minecraft.stonebrick":4,"stat.craftItem.minecraft.crafting_table":1,"stat.furnaceInteraction":9,"stat.mineBlock.minecraft.coal_ore":48,"stat.pickup.minecraft.shield":1,"stat.talkedToVillager":2,"stat.pickup.minecraft.log":8,"stat.useItem.minecraft.cooked_mutton":1,"stat.craftItem.minecraft.stone_slab2":0,"stat.pickup.minecraft.stone":1,"stat.sprintOneCm":33488,"stat.craftItem.minecraft.stick":12,"stat.mineBlock.minecraft.stonebrick":3,"stat.craftItem.minecraft.planks":80,"stat.pickup.minecraft.stone_sword":1,"stat.killEntity.familiarfauna.deer":2,"stat.mobKills":5,"stat.pickup.dynamictrees.oakseed":6,"stat.pickup.familiarfauna.venison_raw":1,"stat.drop":3,"stat.playOneMinute":27409,"stat.killEntity.Sheep":1,"stat.sneakTime":6443,"stat.pickup.minecraft.wool":1,"stat.mineBlock.minecraft.stone":24,"stat.mineBlock.minecraft.tallgrass":3,"stat.craftItem.minecraft.cooked_mutton":2,"stat.diveOneCm":11959,"stat.pickup.minecraft.wheat":24}