{"stat.pickup.minecraft.double_plant":1,"stat.pickup.dynamictrees.darkoakseed":3,"stat.walkOneCm":50074,"stat.useItem.minecraft.torch":24,"stat.leaveGame":10,"stat.pickup.minecraft.stone_pickaxe":1,"stat.pickup.minecraft.stonebrick":4,"stat.pickup.minecraft.stone_axe":1,"stat.pickup.minecraft.flint":1,"stat.mineBlock.minecraft.coal_ore":25,"stat.pickup.minecraft.shield":1,"stat.talkedToVillager":2,"stat.pickup.minecraft.log":8,"stat.jump":367,"stat.swimOneCm":3620,"stat.pickup.minecraft.coal":24,"stat.fallOneCm":7496,"stat.useItem.minecraft.planks":36,"stat.useItem.minecraft.stone_axe":10,"stat.pickup.minecraft.porkchop":4,"stat.pickup.minecraft.stone":1,"stat.crouchOneCm":5664,"stat.craftItem.minecraft.torch":48,"stat.sprintOneCm":29418,"stat.useItem.minecraft.stone_slab2":1,"stat.craftItem.minecraft.stick":12,"stat.pickup.minecraft.iron_ore":21,"stat.mineBlock.minecraft.stonebrick":3,"stat.craftItem.minecraft.planks":80,"stat.drop.minecraft.double_plant":1,"stat.mineBlock.minecraft.log2":4,"stat.damageTaken":40,"stat.pickup.minecraft.stone_sword":1,"stat.killEntity.familiarfauna.deer":2,"stat.mobKills":5,"stat.pickup.minecraft.cobblestone":3,"stat.pickup.dynamictrees.oakseed":6,"stat.pickup.minecraft.log2":13,"stat.pickup.familiarfauna.venison_raw":1,"stat.flyOneCm":47118,"stat.pickup.dynamictrees.spruceseed":1,"stat.pickup.minecraft.wheat_seeds":51,"stat.drop":3,"stat.pickup.minecraft.potato":29,"stat.playOneMinute":17449,"stat.drop.minecraft.wheat_seeds":2,"stat.mineBlock.minecraft.gravel":1,"stat.killEntity.Sheep":1,"stat.useItem.minecraft.stone_pickaxe":54,"stat.sneakTime":3231,"stat.useItem.minecraft.stone_sword":8,"stat.pickup.minecraft.wool":1,"stat.damageDealt":440,"stat.mineBlock.minecraft.iron_ore":21,"stat.timeSinceDeath":17449,"stat.mineBlock.minecraft.dirt":1,"stat.killEntity.Pig":2,"stat.mineBlock.minecraft.stone":4,"stat.mineBlock.minecraft.tallgrass":3,"stat.diveOneCm":11959,"stat.pickup.minecraft.mutton":2,"stat.pickup.minecraft.wheat":24}