{"stat.pickup.minecraft.double_plant":1,"stat.pickup.dynamictrees.darkoakseed":3,"stat.walkOneCm":43956,"stat.useItem.minecraft.torch":14,"stat.leaveGame":9,"stat.pickup.minecraft.stone_pickaxe":1,"stat.pickup.minecraft.stonebrick":4,"stat.pickup.minecraft.stone_axe":1,"stat.pickup.minecraft.flint":1,"stat.mineBlock.minecraft.coal_ore":25,"stat.pickup.minecraft.shield":1,"stat.talkedToVillager":2,"stat.pickup.minecraft.log":8,"stat.jump":337,"stat.swimOneCm":2915,"stat.pickup.minecraft.coal":24,"stat.fallOneCm":7496,"stat.useItem.minecraft.planks":13,"stat.useItem.minecraft.stone_axe":10,"stat.pickup.minecraft.porkchop":4,"stat.crouchOneCm":2755,"stat.craftItem.minecraft.torch":48,"stat.sprintOneCm":28768,"stat.useItem.minecraft.stone_slab2":1,"stat.craftItem.minecraft.stick":12,"stat.mineBlock.minecraft.stonebrick":3,"stat.craftItem.minecraft.planks":80,"stat.drop.minecraft.double_plant":1,"stat.mineBlock.minecraft.log2":4,"stat.damageTaken":40,"stat.pickup.minecraft.stone_sword":1,"stat.killEntity.familiarfauna.deer":2,"stat.mobKills":5,"stat.pickup.minecraft.cobblestone":1,"stat.pickup.dynamictrees.oakseed":6,"stat.pickup.minecraft.log2":13,"stat.pickup.familiarfauna.venison_raw":1,"stat.flyOneCm":46841,"stat.pickup.dynamictrees.spruceseed":1,"stat.pickup.minecraft.wheat_seeds":51,"stat.drop":3,"stat.pickup.minecraft.potato":29,"stat.playOneMinute":14449,"stat.drop.minecraft.wheat_seeds":2,"stat.mineBlock.minecraft.gravel":1,"stat.killEntity.Sheep":1,"stat.useItem.minecraft.stone_pickaxe":31,"stat.sneakTime":1724,"stat.useItem.minecraft.stone_sword":8,"stat.pickup.minecraft.wool":1,"stat.damageDealt":440,"stat.timeSinceDeath":14449,"stat.mineBlock.minecraft.dirt":1,"stat.killEntity.Pig":2,"stat.mineBlock.minecraft.stone":2,"stat.mineBlock.minecraft.tallgrass":3,"stat.diveOneCm":11959,"stat.pickup.minecraft.mutton":2,"stat.pickup.minecraft.wheat":24}