{"stat.drop.minecraft.stone_pickaxe":1,"stat.craftItem.minecraft.diamond_chestplate":3,"stat.pickup.minecraft.bone":29,"stat.craftItem.minecraft.diamond_leggings":2,"stat.leaveGame":9,"stat.mineBlock.minecraft.cobblestone":5,"stat.pickup.minecraft.stone_pickaxe":1,"stat.pickup.cfm.modern_bed_bottom":1,"stat.pickup.minecraft.flint":1,"stat.drop.cyberware.cybereyes":1,"stat.mineBlock.minecraft.brown_mushroom":1,"stat.drop.rewired.necrolimb":2,"stat.craftItem.minecraft.diamond_helmet":1,"stat.mineBlock.minecraft.stained_glass_pane":6,"stat.mineBlock.minecraft.stained_glass":9,"stat.swimOneCm":15537,"stat.climbOneCm":32351,"stat.useItem.minecraft.planks":106,"stat.useItem.minecraft.dirt":28,"stat.useItem.minecraft.stone_slab2":32,"stat.pickup.minecraft.bow":1,"stat.mineBlock.minecraft.red_mushroom":1,"stat.mineBlock.minecraft.stone_brick_stairs":1,"stat.pickup.minecraft.rotten_flesh":18,"stat.craftItem.minecraft.furnace":9,"stat.useItem.spartanweaponry.greatsword_diamond":108,"stat.entityKilledBy.Spider":2,"stat.pickup.minecraft.enchanting_table":1,"stat.killEntity.Enderman":1,"stat.pickup.minecraft.cobblestone":610,"stat.mineBlock.biomesoplenty.double_plant":1,"stat.flyOneCm":528867,"stat.pickup.minecraft.sandstone":17,"stat.pickup.biomesoplenty.mushroom":2,"stat.useItem.minecraft.ender_pearl":1,"stat.pickup.minecraft.brown_mushroom":1,"stat.killEntity.Witch":2,"stat.pickup.minecraft.redstone":10,"stat.mineBlock.minecraft.iron_ore":143,"stat.timeSinceDeath":76831,"stat.useItem.minecraft.iron_pickaxe":27,"stat.drop.minecraft.diamond":5,"stat.useItem.minecraft.spawn_egg":1,"stat.pickup.minecraft.stained_hardened_clay":16,"stat.pickup.minecraft.mutton":7,"stat.pickup.dynamictrees.darkoakseed":7,"stat.craftItem.minecraft.bed":1,"stat.pickup.cgm.basic_ammo":64,"stat.drop.minecraft.diamond_chestplate":3,"stat.mineBlock.minecraft.vine":1,"stat.pickup.minecraft.stonebrick":6,"stat.furnaceInteraction":38,"stat.mineBlock.minecraft.enchanting_table":1,"stat.drop.minecraft.dirt":1,"stat.useItem.minecraft.cooked_porkchop":12,"stat.mineBlock.minecraft.coal_ore":21,"stat.killEntity.Creeper":1,"stat.pickup.minecraft.shield":1,"stat.talkedToVillager":6,"stat.drop.spartanweaponry.greatsword_diamond":1,"stat.pickup.minecraft.string":6,"stat.drop.minecraft.log2":1,"stat.pickup.minecraft.furnace":1,"stat.entityKilledBy.Skeleton":9,"stat.craftItem.minecraft.stone_slab2":0,"stat.mineBlock.minecraft.stained_hardened_clay":8,"stat.sprintOneCm":233963,"stat.pickup.biomesoplenty.flower_0":1,"stat.mineBlock.biomesoplenty.flower_0":1,"stat.craftItem.minecraft.stick":16,"stat.pickup.mca.rose_gold_ore":8,"stat.mineBlock.minecraft.diamond_ore":73,"stat.mineBlock.biomesoplenty.mushroom":1,"stat.mineBlock.minecraft.crafting_table":3,"stat.pickup.cyberware.trenchcoat":1,"stat.useItem.minecraft.diamond_pickaxe":891,"stat.pickup.minecraft.emerald":2,"stat.pickup.minecraft.diamond_chestplate":1,"stat.pickup.dynamictrees.oakseed":1,"stat.deaths":17,"stat.mineBlock.minecraft.planks":18,"stat.drop":73,"stat.playOneMinute":260531,"stat.killEntity.Sheep":6,"stat.craftItem.minecraft.iron_pickaxe":1,"stat.craftItem.minecraft.diamond_pickaxe":3,"stat.killEntity.Zombie":11,"stat.drop.minecraft.torch":4,"stat.drop.minecraft.iron_ingot":3,"stat.pickup.cyberware.cybereyes":1,"stat.craftItem.minecraft.diamond_axe":1,"stat.mineBlock.minecraft.tallgrass":14,"stat.diveOneCm":40573,"stat.drop.minecraft.diamond_pickaxe":3,"stat.chestOpened":21,"stat.useItem.minecraft.stone":37,"stat.pickup.minecraft.gravel":8,"stat.pickup.minecraft.arrow":32,"stat.useItem.minecraft.diamond_axe":32,"stat.drop.minecraft.cooked_porkchop":37,"stat.pickup.minecraft.stone_brick_stairs":3,"stat.jump":1650,"stat.pickup.minecraft.coal":22,"stat.fallOneCm":32622,"stat.pickup.minecraft.iron_ingot":11,"stat.crouchOneCm":15804,"stat.pickup.cgm.chain_gun":1,"stat.craftItem.minecraft.torch":28,"stat.craftItem.minecraft.iron_ingot":45,"stat.pickup.minecraft.dirt":35,"stat.craftItem.minecraft.iron_helmet":1,"stat.pickup.minecraft.red_mushroom":1,"stat.pickup.minecraft.iron_ore":140,"stat.craftingTableInteraction":21,"stat.mineBlock.mca.rose_gold_ore":8,"stat.pickup.minecraft.gold_ore":2,"stat.damageTaken":5632,"stat.mineBlock.minecraft.torch":14,"stat.mineBlock.minecraft.furnace":1,"stat.useItem.minecraft.furnace":8,"stat.pickup.rewired.necrolimb":2,"stat.mineBlock.biomesoplenty.plant_0":11,"stat.pickup.minecraft.log2":57,"stat.pickup.minecraft.dye":2,"stat.pickup.minecraft.planks":18,"stat.pickup.minecraft.wheat_seeds":20,"stat.pickup.minecraft.diamond_axe":2,"stat.entityKilledBy.Zombie":1,"stat.mineBlock.minecraft.gravel":6,"stat.useItem.minecraft.stone_pickaxe":14,"stat.damageDealt":9368,"stat.useItem.minecraft.wool":2,"stat.sleepInBed":12,"stat.mineBlock.minecraft.dirt":37,"stat.walkOneCm":542075,"stat.useItem.minecraft.torch":52,"stat.pickup.minecraft.stick":20,"stat.pickup.minecraft.diamond_pickaxe":2,"stat.drop.minecraft.rotten_flesh":1,"stat.pickup.minecraft.crafting_table":3,"stat.useItem.minecraft.cobblestone":159,"stat.craftItem.minecraft.crafting_table":5,"stat.useItem.minecraft.gravel":10,"stat.pickup.cgm.handgun":3,"stat.mineBlock.minecraft.emerald_ore":2,"stat.killEntity.cyberskeleton":3,"stat.drop.minecraft.diamond_axe":2,"stat.pickup.minecraft.log":6,"stat.craftItem.minecraft.diamond_boots":2,"stat.pickup.minecraft.stone":107,"stat.drop.minecraft.diamond_leggings":1,"stat.pickup.minecraft.ender_pearl":1,"stat.killEntity.Skeleton":26,"stat.mineBlock.minecraft.stonebrick":9,"stat.craftItem.minecraft.planks":247,"stat.killEntity.Spider":4,"stat.drop.cgm.handgun":6,"stat.drop.minecraft.diamond_boots":1,"stat.mobKills":53,"stat.pickup.minecraft.diamond":75,"stat.pickup.minecraft.beetroot_seeds":19,"stat.mineBlock.minecraft.leaves":2,"stat.pickup.spartanweaponry.greatsword_diamond":1,"stat.pickup.minecraft.torch":26,"stat.mineBlock.minecraft.redstone_ore":2,"stat.sneakTime":6096,"stat.pickup.minecraft.wool":6,"stat.mineBlock.minecraft.stone":624,"stat.entityKilledBy.cyberskeleton":1,"stat.useItem.minecraft.sandstone":22}