{"stat.chestOpened":3,"stat.walkOneCm":52139,"stat.pickup.dynamictrees.birchseed":3,"stat.pickup.minecraft.stick":7,"stat.leaveGame":2,"stat.pickup.minecraft.crafting_table":1,"stat.craftItem.minecraft.crafting_table":1,"stat.killEntity.Guard":1,"stat.mineBlock.minecraft.double_plant":1,"stat.pickup.minecraft.log":13,"stat.swimOneCm":866,"stat.jump":290,"stat.pickup.tektopia.structure_townhall":1,"stat.fallOneCm":7774,"stat.pickup.minecraft.porkchop":3,"stat.crouchOneCm":1433,"stat.pickup.minecraft.chicken":1,"stat.useItem.minecraft.written_book":2,"stat.pickup.minecraft.dirt":26,"stat.useItem.minecraft.dirt":18,"stat.sprintOneCm":23541,"stat.useItem.minecraft.stone_slab2":4,"stat.craftItem.minecraft.stick":8,"stat.craftItem.minecraft.wooden_axe":1,"stat.craftingTableInteraction":1,"stat.pickup.minecraft.sand":1,"stat.entityKilledBy.Spider":4,"stat.craftItem.minecraft.planks":32,"stat.killEntity.Chicken":1,"stat.damageTaken":2610,"stat.mineBlock.minecraft.crafting_table":1,"stat.pickup.minecraft.feather":2,"stat.mobKills":4,"stat.pickup.dynamictrees.oakseed":3,"stat.mineBlock.biomesoplenty.plant_0":9,"stat.flyOneCm":43160,"stat.pickup.minecraft.bed":6,"stat.deaths":10,"stat.pickup.minecraft.wheat_seeds":4,"stat.pickup.minecraft.egg":1,"stat.playOneMinute":21010,"stat.entityKilledBy.Zombie":6,"stat.useItem.minecraft.wooden_sword":24,"stat.killEntity.Sheep":1,"stat.sneakTime":588,"stat.pickup.minecraft.wool":1,"stat.damageDealt":468,"stat.timeSinceDeath":12090,"stat.useItem.minecraft.wooden_axe":2,"stat.craftItem.minecraft.wooden_pickaxe":1,"stat.killEntity.Pig":1,"stat.mineBlock.minecraft.tallgrass":7,"stat.diveOneCm":6263,"stat.pickup.minecraft.mutton":1}