{"stat.pickup.cyberware.charger":1,"stat.walkOneCm":27550,"stat.useItem.cyberware.charger":1,"stat.pickup.cyberware.surgery":1,"stat.damageTaken":120,"stat.useItem.srparasites.itemmobspawner_fersheep":1,"stat.pickup.cyberware.cybereye_upgrades":64,"stat.mobKills":1,"stat.pickup.cyberware.lower_organs_upgrades":1,"stat.pickup.minecraft.log":1,"stat.flyOneCm":12743,"stat.deaths":2,"stat.jump":83,"stat.playOneMinute":23751,"stat.fallOneCm":209,"stat.pickup.cyberware.engineering_table":1,"stat.sneakTime":221,"stat.useItem.minecraft.stone_sword":2,"stat.damageDealt":216,"stat.crouchOneCm":364,"stat.timeSinceDeath":5013,"stat.pickup.minecraft.dirt":14,"stat.useItem.minecraft.dirt":46,"stat.mineBlock.minecraft.dirt":1,"stat.sprintOneCm":7084,"stat.pickup.cyberware.cyberlimbs":2,"stat.useItem.minecraft.stone_slab2":9}