{"stat.flyOneCm":10001,"stat.walkOneCm":14233,"stat.jump":52,"stat.playOneMinute":11151,"stat.fallOneCm":209,"stat.pickup.cyberware.engineering_table":1,"stat.pickup.cyberware.surgery":1,"stat.sneakTime":20,"stat.useItem.minecraft.stone_sword":2,"stat.damageTaken":100,"stat.damageDealt":216,"stat.useItem.srparasites.itemmobspawner_fersheep":1,"stat.timeSinceDeath":11151,"stat.pickup.minecraft.dirt":1,"stat.pickup.cyberware.cybereye_upgrades":64,"stat.sprintOneCm":4834,"stat.mineBlock.minecraft.dirt":1,"stat.mobKills":1,"stat.useItem.minecraft.stone_slab2":6}