{"stat.chestOpened":1,"stat.walkOneCm":20602,"stat.useItem.minecraft.torch":2,"stat.pickup.minecraft.stick":3,"stat.pickup.cgm.basic_ammo":64,"stat.leaveGame":4,"stat.pickup.cgm.handgun":1,"stat.jump":219,"stat.swimOneCm":5598,"stat.fallOneCm":6262,"stat.drop.minecraft.log2":1,"stat.climbOneCm":64,"stat.entityKilledBy.Skeleton":2,"stat.crouchOneCm":17,"stat.pickup.minecraft.dirt":3,"stat.useItem.minecraft.dirt":3,"stat.sprintOneCm":17582,"stat.pickup.biomesoplenty.flower_0":1,"stat.mineBlock.biomesoplenty.flower_0":1,"stat.entityKilledBy.Spider":2,"stat.craftItem.minecraft.planks":4,"stat.damageTaken":1610,"stat.drop.cgm.handgun":3,"stat.mineBlock.biomesoplenty.plant_0":11,"stat.pickup.minecraft.log2":2,"stat.flyOneCm":59405,"stat.deaths":6,"stat.pickup.minecraft.sandstone":17,"stat.pickup.minecraft.wheat_seeds":20,"stat.drop":4,"stat.pickup.minecraft.beetroot_seeds":19,"stat.playOneMinute":30854,"stat.sneakTime":298,"stat.damageDealt":72,"stat.timeSinceDeath":5885,"stat.mineBlock.minecraft.dirt":1,"stat.mineBlock.minecraft.tallgrass":14,"stat.diveOneCm":7311}