{"stat.drop.minecraft.stone_pickaxe":1,"stat.craftItem.minecraft.diamond_chestplate":3,"stat.pickup.minecraft.bone":20,"stat.craftItem.minecraft.diamond_leggings":2,"stat.leaveGame":8,"stat.mineBlock.minecraft.cobblestone":4,"stat.pickup.minecraft.stone_pickaxe":1,"stat.pickup.cfm.modern_bed_bottom":1,"stat.pickup.minecraft.flint":1,"stat.drop.cyberware.cybereyes":1,"stat.mineBlock.minecraft.brown_mushroom":1,"stat.drop.rewired.necrolimb":2,"stat.craftItem.minecraft.diamond_helmet":1,"stat.mineBlock.minecraft.stained_glass_pane":4,"stat.mineBlock.minecraft.stained_glass":7,"stat.swimOneCm":14954,"stat.climbOneCm":14397,"stat.useItem.minecraft.planks":80,"stat.useItem.minecraft.dirt":14,"stat.useItem.minecraft.stone_slab2":27,"stat.mineBlock.minecraft.red_mushroom":1,"stat.mineBlock.minecraft.stone_brick_stairs":1,"stat.pickup.minecraft.rotten_flesh":18,"stat.craftItem.minecraft.furnace":1,"stat.useItem.spartanweaponry.greatsword_diamond":75,"stat.entityKilledBy.Spider":2,"stat.pickup.minecraft.enchanting_table":1,"stat.killEntity.Enderman":1,"stat.pickup.minecraft.cobblestone":422,"stat.mineBlock.biomesoplenty.double_plant":1,"stat.flyOneCm":511642,"stat.pickup.minecraft.sandstone":17,"stat.pickup.biomesoplenty.mushroom":2,"stat.useItem.minecraft.ender_pearl":1,"stat.pickup.minecraft.brown_mushroom":1,"stat.killEntity.Witch":2,"stat.pickup.minecraft.redstone":10,"stat.mineBlock.minecraft.iron_ore":31,"stat.timeSinceDeath":4518,"stat.useItem.minecraft.iron_pickaxe":27,"stat.drop.minecraft.diamond":5,"stat.useItem.minecraft.spawn_egg":1,"stat.pickup.minecraft.stained_hardened_clay":12,"stat.pickup.minecraft.mutton":7,"stat.pickup.dynamictrees.darkoakseed":7,"stat.craftItem.minecraft.bed":1,"stat.pickup.cgm.basic_ammo":64,"stat.drop.minecraft.diamond_chestplate":3,"stat.mineBlock.minecraft.vine":1,"stat.furnaceInteraction":9,"stat.mineBlock.minecraft.enchanting_table":1,"stat.drop.minecraft.dirt":1,"stat.useItem.minecraft.cooked_porkchop":10,"stat.mineBlock.minecraft.coal_ore":21,"stat.killEntity.Creeper":1,"stat.pickup.minecraft.shield":1,"stat.talkedToVillager":6,"stat.pickup.minecraft.string":2,"stat.drop.minecraft.log2":1,"stat.pickup.minecraft.furnace":1,"stat.entityKilledBy.Skeleton":9,"stat.mineBlock.minecraft.stained_hardened_clay":8,"stat.sprintOneCm":176640,"stat.pickup.biomesoplenty.flower_0":1,"stat.mineBlock.biomesoplenty.flower_0":1,"stat.craftItem.minecraft.stick":16,"stat.pickup.mca.rose_gold_ore":8,"stat.mineBlock.minecraft.diamond_ore":73,"stat.mineBlock.biomesoplenty.mushroom":1,"stat.mineBlock.minecraft.crafting_table":3,"stat.pickup.cyberware.trenchcoat":1,"stat.useItem.minecraft.diamond_pickaxe":539,"stat.pickup.minecraft.emerald":2,"stat.pickup.minecraft.diamond_chestplate":1,"stat.deaths":17,"stat.mineBlock.minecraft.planks":1,"stat.drop":72,"stat.playOneMinute":188218,"stat.killEntity.Sheep":6,"stat.craftItem.minecraft.iron_pickaxe":1,"stat.craftItem.minecraft.diamond_pickaxe":3,"stat.killEntity.Zombie":11,"stat.drop.minecraft.torch":4,"stat.drop.minecraft.iron_ingot":3,"stat.pickup.cyberware.cybereyes":1,"stat.craftItem.minecraft.diamond_axe":1,"stat.mineBlock.minecraft.tallgrass":14,"stat.diveOneCm":39252,"stat.drop.minecraft.diamond_pickaxe":3,"stat.chestOpened":4,"stat.useItem.minecraft.stone":37,"stat.pickup.minecraft.gravel":7,"stat.pickup.minecraft.arrow":23,"stat.useItem.minecraft.diamond_axe":14,"stat.drop.minecraft.cooked_porkchop":37,"stat.pickup.minecraft.stone_brick_stairs":2,"stat.jump":1245,"stat.pickup.minecraft.coal":22,"stat.fallOneCm":26608,"stat.pickup.minecraft.iron_ingot":11,"stat.crouchOneCm":11655,"stat.craftItem.minecraft.torch":28,"stat.pickup.minecraft.dirt":17,"stat.craftItem.minecraft.iron_helmet":1,"stat.pickup.minecraft.red_mushroom":1,"stat.pickup.minecraft.iron_ore":32,"stat.craftingTableInteraction":20,"stat.mineBlock.mca.rose_gold_ore":8,"stat.pickup.minecraft.gold_ore":2,"stat.damageTaken":5426,"stat.mineBlock.minecraft.torch":12,"stat.mineBlock.minecraft.furnace":1,"stat.pickup.rewired.necrolimb":2,"stat.mineBlock.biomesoplenty.plant_0":11,"stat.pickup.minecraft.log2":57,"stat.pickup.minecraft.dye":2,"stat.pickup.minecraft.planks":1,"stat.pickup.minecraft.wheat_seeds":20,"stat.pickup.minecraft.diamond_axe":2,"stat.entityKilledBy.Zombie":1,"stat.mineBlock.minecraft.gravel":5,"stat.useItem.minecraft.stone_pickaxe":14,"stat.damageDealt":7347,"stat.useItem.minecraft.wool":2,"stat.sleepInBed":9,"stat.mineBlock.minecraft.dirt":16,"stat.walkOneCm":413961,"stat.useItem.minecraft.torch":35,"stat.pickup.minecraft.stick":18,"stat.pickup.minecraft.diamond_pickaxe":2,"stat.drop.minecraft.rotten_flesh":1,"stat.pickup.minecraft.crafting_table":3,"stat.useItem.minecraft.cobblestone":62,"stat.craftItem.minecraft.crafting_table":4,"stat.useItem.minecraft.gravel":10,"stat.pickup.cgm.handgun":3,"stat.mineBlock.minecraft.emerald_ore":2,"stat.killEntity.cyberskeleton":3,"stat.drop.minecraft.diamond_axe":2,"stat.pickup.minecraft.log":1,"stat.craftItem.minecraft.diamond_boots":2,"stat.pickup.minecraft.stone":74,"stat.drop.minecraft.diamond_leggings":1,"stat.pickup.minecraft.ender_pearl":1,"stat.killEntity.Skeleton":16,"stat.craftItem.minecraft.planks":227,"stat.killEntity.Spider":1,"stat.drop.cgm.handgun":6,"stat.drop.minecraft.diamond_boots":1,"stat.mobKills":40,"stat.pickup.minecraft.diamond":75,"stat.pickup.minecraft.beetroot_seeds":19,"stat.pickup.minecraft.torch":21,"stat.mineBlock.minecraft.redstone_ore":2,"stat.sneakTime":4640,"stat.pickup.minecraft.wool":6,"stat.mineBlock.minecraft.stone":401,"stat.entityKilledBy.cyberskeleton":1,"stat.useItem.minecraft.sandstone":22}