{"stat.walkOneCm":44309,"stat.pickup.cyberware.brain_upgrades":1,"stat.pickup.cyberware.surgery":1,"stat.leaveGame":1,"stat.useItem.srparasites.itemmobspawner_fersheep":1,"stat.pickup.minecraft.log":1,"stat.jump":172,"stat.fallOneCm":2510,"stat.crouchOneCm":525,"stat.pickup.minecraft.dirt":14,"stat.useItem.minecraft.dirt":46,"stat.sprintOneCm":9924,"stat.pickup.cyberware.cyberlimbs":2,"stat.useItem.minecraft.stone_slab2":120,"stat.pickup.minecraft.rotten_flesh":6,"stat.pickup.cyberware.charger":1,"stat.entityKilledBy.Spider":1,"stat.useItem.cyberware.charger":1,"stat.damageTaken":758,"stat.pickup.cyberware.cybereye_upgrades":64,"stat.mobKills":4,"stat.pickup.cyberware.lower_organs_upgrades":1,"stat.flyOneCm":45967,"stat.deaths":5,"stat.playOneMinute":41267,"stat.pickup.cyberware.engineering_table":1,"stat.sneakTime":380,"stat.useItem.minecraft.stone_sword":2,"stat.damageDealt":533,"stat.killEntity.Zombie":1,"stat.timeSinceDeath":2238,"stat.mineBlock.minecraft.dirt":1,"stat.useItem.minecraft.spawn_egg":17}