{"stat.chestOpened":1,"stat.drop.minecraft.stone_pickaxe":1,"stat.craftItem.minecraft.diamond_chestplate":3,"stat.pickup.minecraft.bone":5,"stat.craftItem.minecraft.diamond_leggings":2,"stat.useItem.minecraft.stone":37,"stat.leaveGame":5,"stat.pickup.minecraft.gravel":7,"stat.pickup.minecraft.arrow":5,"stat.mineBlock.minecraft.cobblestone":4,"stat.pickup.minecraft.stone_pickaxe":1,"stat.useItem.minecraft.diamond_axe":13,"stat.pickup.cfm.modern_bed_bottom":1,"stat.pickup.minecraft.flint":1,"stat.mineBlock.minecraft.brown_mushroom":1,"stat.craftItem.minecraft.diamond_helmet":1,"stat.drop.minecraft.cooked_porkchop":37,"stat.mineBlock.minecraft.stained_glass_pane":2,"stat.jump":910,"stat.swimOneCm":10869,"stat.pickup.minecraft.coal":22,"stat.fallOneCm":16924,"stat.climbOneCm":64,"stat.pickup.minecraft.iron_ingot":11,"stat.useItem.minecraft.planks":60,"stat.crouchOneCm":4925,"stat.craftItem.minecraft.torch":12,"stat.pickup.minecraft.dirt":4,"stat.useItem.minecraft.dirt":3,"stat.craftItem.minecraft.iron_helmet":1,"stat.pickup.minecraft.red_mushroom":1,"stat.useItem.minecraft.stone_slab2":22,"stat.mineBlock.minecraft.red_mushroom":1,"stat.pickup.minecraft.iron_ore":32,"stat.craftingTableInteraction":20,"stat.pickup.minecraft.rotten_flesh":8,"stat.craftItem.minecraft.furnace":1,"stat.mineBlock.mca.rose_gold_ore":8,"stat.useItem.spartanweaponry.greatsword_diamond":36,"stat.pickup.minecraft.gold_ore":2,"stat.entityKilledBy.Spider":2,"stat.damageTaken":3858,"stat.mineBlock.minecraft.torch":11,"stat.mineBlock.minecraft.furnace":1,"stat.killEntity.Enderman":1,"stat.pickup.minecraft.cobblestone":422,"stat.mineBlock.biomesoplenty.double_plant":1,"stat.mineBlock.biomesoplenty.plant_0":11,"stat.pickup.minecraft.log2":57,"stat.pickup.minecraft.dye":2,"stat.flyOneCm":494005,"stat.pickup.minecraft.sandstone":17,"stat.pickup.biomesoplenty.mushroom":2,"stat.useItem.minecraft.ender_pearl":1,"stat.pickup.minecraft.wheat_seeds":20,"stat.pickup.minecraft.brown_mushroom":1,"stat.killEntity.Witch":2,"stat.pickup.minecraft.diamond_axe":2,"stat.mineBlock.minecraft.gravel":5,"stat.useItem.minecraft.stone_pickaxe":14,"stat.damageDealt":3978,"stat.pickup.minecraft.redstone":10,"stat.mineBlock.minecraft.iron_ore":31,"stat.sleepInBed":7,"stat.timeSinceDeath":19127,"stat.mineBlock.minecraft.dirt":2,"stat.useItem.minecraft.iron_pickaxe":27,"stat.drop.minecraft.diamond":5,"stat.useItem.minecraft.spawn_egg":1,"stat.pickup.minecraft.mutton":7,"stat.pickup.dynamictrees.darkoakseed":7,"stat.walkOneCm":301874,"stat.craftItem.minecraft.bed":1,"stat.useItem.minecraft.torch":32,"stat.pickup.minecraft.stick":18,"stat.pickup.cgm.basic_ammo":64,"stat.pickup.minecraft.diamond_pickaxe":2,"stat.drop.minecraft.diamond_chestplate":3,"stat.drop.minecraft.rotten_flesh":1,"stat.pickup.minecraft.crafting_table":3,"stat.useItem.minecraft.cobblestone":62,"stat.craftItem.minecraft.crafting_table":4,"stat.furnaceInteraction":8,"stat.useItem.minecraft.gravel":8,"stat.useItem.minecraft.cooked_porkchop":7,"stat.pickup.cgm.handgun":3,"stat.mineBlock.minecraft.coal_ore":21,"stat.killEntity.Creeper":1,"stat.mineBlock.minecraft.emerald_ore":2,"stat.talkedToVillager":6,"stat.killEntity.cyberskeleton":1,"stat.drop.minecraft.diamond_axe":2,"stat.pickup.minecraft.log":1,"stat.craftItem.minecraft.diamond_boots":2,"stat.drop.minecraft.log2":1,"stat.pickup.minecraft.furnace":1,"stat.entityKilledBy.Skeleton":7,"stat.pickup.minecraft.stone":74,"stat.drop.minecraft.diamond_leggings":1,"stat.pickup.minecraft.ender_pearl":1,"stat.sprintOneCm":138300,"stat.pickup.biomesoplenty.flower_0":1,"stat.mineBlock.biomesoplenty.flower_0":1,"stat.craftItem.minecraft.stick":16,"stat.pickup.mca.rose_gold_ore":8,"stat.killEntity.Skeleton":4,"stat.craftItem.minecraft.planks":96,"stat.mineBlock.minecraft.diamond_ore":73,"stat.mineBlock.biomesoplenty.mushroom":1,"stat.mineBlock.minecraft.crafting_table":3,"stat.killEntity.Spider":1,"stat.drop.cgm.handgun":6,"stat.useItem.minecraft.diamond_pickaxe":526,"stat.pickup.minecraft.emerald":2,"stat.pickup.minecraft.diamond_chestplate":1,"stat.drop.minecraft.diamond_boots":1,"stat.mobKills":18,"stat.deaths":12,"stat.drop":68,"stat.pickup.minecraft.diamond":75,"stat.pickup.minecraft.beetroot_seeds":19,"stat.playOneMinute":157415,"stat.pickup.minecraft.torch":19,"stat.killEntity.Sheep":6,"stat.mineBlock.minecraft.redstone_ore":2,"stat.sneakTime":2794,"stat.craftItem.minecraft.iron_pickaxe":1,"stat.pickup.minecraft.wool":6,"stat.craftItem.minecraft.diamond_pickaxe":3,"stat.killEntity.Zombie":3,"stat.drop.minecraft.torch":4,"stat.drop.minecraft.iron_ingot":3,"stat.pickup.cyberware.cybereyes":1,"stat.craftItem.minecraft.diamond_axe":1,"stat.mineBlock.minecraft.stone":401,"stat.mineBlock.minecraft.tallgrass":14,"stat.diveOneCm":35752,"stat.drop.minecraft.diamond_pickaxe":3,"stat.useItem.minecraft.sandstone":22}