{"stat.drop.minecraft.sugar":2,"stat.pickup.securitycraft.remote_access_sentry":64,"stat.leaveGame":2,"stat.useItem.srparasites.itemmobspawner_inhoos":3,"stat.useItem.srparasites.itemmobspawner_elvia":1,"stat.useItem.srparasites.itemmobspawner_fersheep":1,"stat.useItem.securitycraft.sentry":32,"stat.jump":366,"stat.fallOneCm":2510,"stat.crouchOneCm":2465,"stat.useItem.minecraft.obsidian":22,"stat.pickup.minecraft.dirt":38,"stat.useItem.minecraft.dirt":50,"stat.useItem.minecraft.stone_slab2":228,"stat.pickup.minecraft.rotten_flesh":9,"stat.entityKilledBy.Spider":1,"stat.damageTaken":908,"stat.pickup.cyberware.cybereye_upgrades":64,"stat.pickup.minecraft.cobblestone":5,"stat.pickup.minecraft.dye":127,"stat.pickup.minecraft.planks":1,"stat.flyOneCm":466979,"stat.pickup.minecraft.wheat_seeds":2,"stat.killEntity.Witch":1,"stat.pickup.cyberware.engineering_table":1,"stat.useItem.minecraft.stone_sword":2,"stat.damageDealt":620,"stat.pickup.minecraft.redstone":2,"stat.timeSinceDeath":8555,"stat.mineBlock.minecraft.dirt":1,"stat.useItem.minecraft.spawn_egg":70,"stat.walkOneCm":120499,"stat.pickup.cyberware.brain_upgrades":1,"stat.pickup.cyberware.surgery":1,"stat.pickup.minecraft.crafting_table":2,"stat.drop.cyberware.body_part":1,"stat.pickup.minecraft.log":1,"stat.useItem.srparasites.itemmobspawner_ferenderman":1,"stat.useItem.srparasites.itemmobspawner_infdragone":1,"stat.sprintOneCm":15593,"stat.pickup.cyberware.cyberlimbs":2,"stat.pickup.cyberware.charger":2,"stat.useItem.minecraft.acacia_fence":34,"stat.useItem.cyberware.charger":1,"stat.useItem.minecraft.flint_and_steel":1,"stat.mobKills":48,"stat.pickup.cyberware.lower_organs_upgrades":1,"stat.pickup.minecraft.spawn_egg":1,"stat.pickup.minecraft.sugar":3,"stat.deaths":6,"stat.drop":3,"stat.playOneMinute":79656,"stat.useItem.srparasites.itemmobspawner_inhoom":4,"stat.sneakTime":1295,"stat.killEntity.Zombie":4}