{"stat.useItem.minecraft.bow":62,"stat.leaveGame":13,"stat.drop.minecraft.gunpowder":1,"stat.drop.cyberware.cybereyes":1,"stat.pickup.cyberware.bone_upgrades":1,"stat.drop.rewired.necrolimb":2,"stat.mineBlock.minecraft.stained_glass":13,"stat.useItem.minecraft.planks":435,"stat.mineBlock.minecraft.red_mushroom":2,"stat.useItem.minecraft.water_bucket":31,"stat.mineBlock.minecraft.stone_brick_stairs":1,"stat.pickup.minecraft.rotten_flesh":58,"stat.useItem.spartanweaponry.greatsword_diamond":194,"stat.entityKilledBy.Spider":3,"stat.pickup.minecraft.cobblestone_wall":9,"stat.killEntity.Enderman":2,"stat.pickup.biomesoplenty.mushroom":2,"stat.useItem.minecraft.ender_pearl":1,"stat.pickup.minecraft.brown_mushroom":1,"stat.pickup.rewired.shield.plasteel":2,"stat.killEntity.Witch":2,"stat.hopperInspected":10,"stat.useItem.minecraft.iron_pickaxe":133,"stat.drop.minecraft.diamond":5,"stat.useItem.minecraft.spawn_egg":1,"stat.pickup.minecraft.stained_hardened_clay":97,"stat.pickup.dynamictrees.darkoakseed":7,"stat.craftItem.minecraft.bed":1,"stat.drop.minecraft.diamond_chestplate":3,"stat.pickup.rewired.shield.polymer":1,"stat.mineBlock.minecraft.vine":4,"stat.furnaceInteraction":52,"stat.craftItem.spartanweaponry.material":1,"stat.drop.spartanweaponry.greatsword_diamond":1,"stat.pickup.minecraft.furnace":1,"stat.mineBlock.minecraft.stained_hardened_clay":82,"stat.pickup.biomesoplenty.flower_0":3,"stat.pickup.cgm.workbench":1,"stat.pickup.mca.rose_gold_ore":16,"stat.pickup.cyberware.trenchcoat":2,"stat.useItem.minecraft.hopper":2,"stat.pickup.minecraft.emerald":2,"stat.pickup.minecraft.saddle":2,"stat.pickup.dynamictrees.oakseed":5,"stat.deaths":27,"stat.playOneMinute":403521,"stat.craftItem.minecraft.iron_pickaxe":1,"stat.pickup.minecraft.iron_bars":2,"stat.drop.minecraft.torch":4,"stat.drop.minecraft.iron_ingot":3,"stat.mineBlock.minecraft.tallgrass":16,"stat.chestOpened":84,"stat.useItem.minecraft.stone":39,"stat.pickup.minecraft.arrow":142,"stat.pickup.minecraft.waterlily":2,"stat.craftItem.minecraft.iron_nugget":135,"stat.fallOneCm":81636,"stat.crouchOneCm":47445,"stat.mineBlock.minecraft.chest":2,"stat.craftItem.minecraft.iron_ingot":175,"stat.craftItem.minecraft.chest":6,"stat.pickup.minecraft.red_mushroom":2,"stat.pickup.cgm.assault_rifle":1,"stat.craftItem.minecraft.hopper":4,"stat.craftingTableInteraction":39,"stat.useItem.spartanweaponry.katana_diamond":26,"stat.pickup.minecraft.record_cat":1,"stat.useItem.minecraft.furnace":8,"stat.pickup.rewired.necrolimb":5,"stat.mineBlock.biomesoplenty.plant_0":16,"stat.pickup.minecraft.dye":2,"stat.pickup.minecraft.planks":32,"stat.pickup.minecraft.wheat_seeds":27,"stat.mineBlock.minecraft.gravel":6,"stat.useItem.minecraft.stone_pickaxe":14,"stat.mineBlock.minecraft.glass":4,"stat.useItem.minecraft.wool":2,"stat.mineBlock.minecraft.dirt":50,"stat.useItem.minecraft.torch":54,"stat.useItem.minecraft.bread":1,"stat.drop.minecraft.rotten_flesh":1,"stat.pickup.minecraft.crafting_table":5,"stat.useItem.minecraft.cobblestone":339,"stat.craftItem.minecraft.crafting_table":7,"stat.useItem.minecraft.gravel":10,"stat.mineBlock.minecraft.emerald_ore":2,"stat.killEntity.cyberskeleton":10,"stat.pickup.minecraft.log":8,"stat.pickup.minecraft.sapling":2,"stat.craftItem.minecraft.bucket":4,"stat.craftItem.minecraft.planks":575,"stat.useItem.minecraft.iron_sword":12,"stat.useItem.minecraft.stonebrick":32,"stat.pickup.minecraft.book":3,"stat.mineBlock.minecraft.log":2,"stat.mineBlock.minecraft.waterlily":1,"stat.pickup.spartanweaponry.greatsword_diamond":1,"stat.sneakTime":15897,"stat.pickup.minecraft.wool":9,"stat.mineBlock.minecraft.cobblestone_wall":6,"stat.pickup.minecraft.stone_slab":7,"stat.pickup.minecraft.chest":2,"stat.drop.minecraft.stone_pickaxe":1,"stat.craftItem.minecraft.diamond_chestplate":3,"stat.pickup.minecraft.bone":169,"stat.craftItem.minecraft.diamond_leggings":2,"stat.mineBlock.minecraft.cobblestone":26,"stat.pickup.minecraft.stone_pickaxe":2,"stat.pickup.cfm.modern_bed_bottom":1,"stat.pickup.minecraft.flint":2,"stat.entityKilledBy.Witch":1,"stat.mineBlock.minecraft.brown_mushroom":1,"stat.pickup.cyberware.katana":2,"stat.craftItem.minecraft.diamond_helmet":1,"stat.mineBlock.minecraft.stained_glass_pane":12,"stat.swimOneCm":24918,"stat.climbOneCm":77129,"stat.entityKilledBy.cyberzombie":1,"stat.useItem.minecraft.dirt":46,"stat.useItem.minecraft.stone_slab2":61,"stat.pickup.minecraft.bow":3,"stat.pickup.minecraft.iron_boots":2,"stat.craftItem.minecraft.furnace":9,"stat.pickup.minecraft.enchanting_table":3,"stat.craftItem.minecraft.trapdoor":2,"stat.pickup.cyberware.cybereye_upgrades":1,"stat.pickup.minecraft.cobblestone":716,"stat.mineBlock.biomesoplenty.double_plant":1,"stat.flyOneCm":678954,"stat.pickup.minecraft.sandstone":17,"stat.pickup.cyberware.leg_upgrades":3,"stat.pickup.minecraft.redstone":10,"stat.mineBlock.minecraft.iron_ore":143,"stat.timeSinceDeath":33716,"stat.pickup.minecraft.mutton":10,"stat.craftItem.spartanweaponry.katana_diamond":1,"stat.killEntity.Bat":1,"stat.pickup.cgm.basic_ammo":384,"stat.pickup.cyberware.brain_upgrades":1,"stat.pickup.minecraft.stonebrick":49,"stat.mineBlock.minecraft.enchanting_table":2,"stat.drop.minecraft.dirt":1,"stat.useItem.minecraft.cooked_porkchop":28,"stat.mineBlock.minecraft.coal_ore":28,"stat.killEntity.Creeper":7,"stat.pickup.minecraft.shield":3,"stat.talkedToVillager":6,"stat.pickup.minecraft.string":44,"stat.pickup.cgm.advanced_ammo":16,"stat.drop.minecraft.log2":1,"stat.entityKilledBy.Skeleton":10,"stat.craftItem.minecraft.stone_slab2":0,"stat.sprintOneCm":391382,"stat.mineBlock.biomesoplenty.flower_0":1,"stat.mineBlock.minecraft.stone_slab":3,"stat.craftItem.minecraft.stick":16,"stat.useItem.minecraft.stone_slab":4,"stat.mineBlock.minecraft.diamond_ore":91,"stat.mineBlock.biomesoplenty.mushroom":1,"stat.mineBlock.minecraft.crafting_table":3,"stat.useItem.minecraft.diamond_pickaxe":1118,"stat.pickup.cgm.grenade":2,"stat.pickup.minecraft.diamond_chestplate":1,"stat.pickup.cyberware.lower_organs_upgrades":1,"stat.mineBlock.minecraft.planks":36,"stat.drop":74,"stat.killEntity.Sheep":9,"stat.useItem.minecraft.ladder":1,"stat.craftItem.minecraft.diamond_pickaxe":4,"stat.killEntity.Zombie":55,"stat.pickup.minecraft.snowball":9,"stat.pickup.cyberware.cybereyes":2,"stat.craftItem.minecraft.diamond_axe":2,"stat.mineBlock.minecraft.gold_ore":2,"stat.diveOneCm":64764,"stat.drop.minecraft.diamond_pickaxe":3,"stat.pickup.minecraft.wheat":3,"stat.pickup.minecraft.gravel":8,"stat.useItem.minecraft.diamond_axe":59,"stat.useItem.minecraft.rotten_flesh":20,"stat.drop.minecraft.cooked_porkchop":37,"stat.pickup.minecraft.stone_brick_stairs":3,"stat.jump":3161,"stat.pickup.minecraft.coal":29,"stat.pickup.minecraft.iron_ingot":11,"stat.pickup.minecraft.gunpowder":11,"stat.craftItem.minecraft.bread":1,"stat.pickup.cgm.chain_gun":2,"stat.pickup.minecraft.spider_eye":11,"stat.craftItem.minecraft.torch":32,"stat.pickup.minecraft.dirt":70,"stat.craftItem.minecraft.iron_helmet":1,"stat.pickup.minecraft.iron_ore":140,"stat.mineBlock.mca.rose_gold_ore":8,"stat.pickup.minecraft.stone_shovel":1,"stat.pickup.minecraft.gold_ore":37,"stat.damageTaken":10060,"stat.mineBlock.minecraft.torch":14,"stat.mineBlock.minecraft.furnace":1,"stat.mineBlock.minecraft.sapling":1,"stat.pickup.minecraft.log2":57,"stat.entityKilledBy.ZombieVillager":1,"stat.pickup.minecraft.bed":2,"stat.pickup.minecraft.potato":2,"stat.pickup.minecraft.diamond_axe":2,"stat.entityKilledBy.Zombie":3,"stat.damageDealt":19668,"stat.sleepInBed":16,"stat.useItem.minecraft.crafting_table":1,"stat.craftItem.minecraft.stone_slab":6,"stat.killEntity.cyberzombie":2,"stat.walkOneCm":903239,"stat.useItem.minecraft.chest":4,"stat.pickup.minecraft.stick":28,"stat.pickup.minecraft.diamond_pickaxe":2,"stat.pickup.cgm.handgun":4,"stat.useItem.minecraft.gold_ore":17,"stat.drop.minecraft.diamond_axe":2,"stat.craftItem.minecraft.diamond_boots":2,"stat.pickup.minecraft.stone":127,"stat.drop.minecraft.diamond_leggings":1,"stat.useItem.minecraft.stained_hardened_clay":31,"stat.pickup.minecraft.ender_pearl":1,"stat.pickup.minecraft.ladder":2,"stat.killEntity.Skeleton":37,"stat.mineBlock.minecraft.stonebrick":52,"stat.pickup.cyberware.neuropozyne":64,"stat.killEntity.Spider":25,"stat.drop.cgm.handgun":6,"stat.drop.minecraft.diamond_boots":1,"stat.mobKills":152,"stat.mineBlock.minecraft.bookshelf":1,"stat.pickup.minecraft.diamond":92,"stat.pickup.minecraft.beetroot_seeds":27,"stat.mineBlock.minecraft.leaves":4,"stat.pickup.minecraft.iron_horse_armor":1,"stat.pickup.minecraft.torch":29,"stat.mineBlock.minecraft.redstone_ore":2,"stat.mineBlock.minecraft.stone":742,"stat.entityKilledBy.cyberskeleton":2,"stat.useItem.minecraft.sandstone":22}