{"stat.chestOpened":1,"stat.pickup.dynamictrees.darkoakseed":1,"stat.walkOneCm":30317,"stat.useItem.minecraft.torch":2,"stat.pickup.minecraft.stick":10,"stat.pickup.cgm.basic_ammo":64,"stat.leaveGame":5,"stat.drop.minecraft.rotten_flesh":1,"stat.pickup.cgm.handgun":1,"stat.pickup.minecraft.log":1,"stat.drop.minecraft.cooked_porkchop":26,"stat.jump":243,"stat.swimOneCm":5611,"stat.fallOneCm":6262,"stat.drop.minecraft.log2":1,"stat.climbOneCm":64,"stat.entityKilledBy.Skeleton":2,"stat.crouchOneCm":43,"stat.pickup.minecraft.dirt":3,"stat.useItem.minecraft.dirt":3,"stat.sprintOneCm":18416,"stat.pickup.biomesoplenty.flower_0":1,"stat.mineBlock.biomesoplenty.flower_0":1,"stat.pickup.minecraft.rotten_flesh":1,"stat.entityKilledBy.Spider":2,"stat.craftItem.minecraft.planks":4,"stat.damageTaken":1610,"stat.drop.cgm.handgun":4,"stat.mineBlock.biomesoplenty.plant_0":11,"stat.pickup.minecraft.log2":8,"stat.flyOneCm":104017,"stat.deaths":6,"stat.pickup.minecraft.sandstone":17,"stat.pickup.minecraft.wheat_seeds":20,"stat.drop":32,"stat.pickup.minecraft.beetroot_seeds":19,"stat.playOneMinute":38345,"stat.sneakTime":438,"stat.damageDealt":72,"stat.timeSinceDeath":13376,"stat.mineBlock.minecraft.dirt":1,"stat.mineBlock.minecraft.tallgrass":14,"stat.diveOneCm":7311,"stat.useItem.minecraft.sandstone":22}