{"stat.drop.minecraft.stone_pickaxe":1,"stat.craftItem.minecraft.diamond_chestplate":3,"stat.pickup.minecraft.bone":35,"stat.craftItem.minecraft.diamond_leggings":2,"stat.leaveGame":9,"stat.mineBlock.minecraft.cobblestone":6,"stat.pickup.minecraft.stone_pickaxe":1,"stat.pickup.cfm.modern_bed_bottom":1,"stat.pickup.minecraft.flint":1,"stat.drop.cyberware.cybereyes":1,"stat.pickup.cyberware.bone_upgrades":1,"stat.mineBlock.minecraft.brown_mushroom":1,"stat.drop.rewired.necrolimb":2,"stat.craftItem.minecraft.diamond_helmet":1,"stat.mineBlock.minecraft.stained_glass_pane":7,"stat.mineBlock.minecraft.stained_glass":11,"stat.swimOneCm":15537,"stat.climbOneCm":35040,"stat.useItem.minecraft.planks":114,"stat.useItem.minecraft.dirt":28,"stat.useItem.minecraft.stone_slab2":37,"stat.pickup.minecraft.bow":2,"stat.mineBlock.minecraft.red_mushroom":1,"stat.mineBlock.minecraft.stone_brick_stairs":1,"stat.pickup.minecraft.rotten_flesh":24,"stat.craftItem.minecraft.furnace":9,"stat.useItem.spartanweaponry.greatsword_diamond":152,"stat.entityKilledBy.Spider":2,"stat.pickup.minecraft.enchanting_table":1,"stat.killEntity.Enderman":2,"stat.pickup.minecraft.cobblestone":612,"stat.mineBlock.biomesoplenty.double_plant":1,"stat.flyOneCm":533750,"stat.pickup.minecraft.sandstone":17,"stat.pickup.biomesoplenty.mushroom":2,"stat.useItem.minecraft.ender_pearl":1,"stat.pickup.minecraft.brown_mushroom":1,"stat.killEntity.Witch":2,"stat.pickup.cyberware.leg_upgrades":1,"stat.pickup.minecraft.redstone":10,"stat.mineBlock.minecraft.iron_ore":143,"stat.timeSinceDeath":89431,"stat.useItem.minecraft.iron_pickaxe":27,"stat.drop.minecraft.diamond":5,"stat.useItem.minecraft.spawn_egg":1,"stat.pickup.minecraft.stained_hardened_clay":17,"stat.pickup.minecraft.mutton":8,"stat.pickup.dynamictrees.darkoakseed":7,"stat.craftItem.minecraft.bed":1,"stat.pickup.cgm.basic_ammo":64,"stat.pickup.cyberware.brain_upgrades":1,"stat.drop.minecraft.diamond_chestplate":3,"stat.mineBlock.minecraft.vine":3,"stat.pickup.minecraft.stonebrick":9,"stat.furnaceInteraction":45,"stat.mineBlock.minecraft.enchanting_table":1,"stat.drop.minecraft.dirt":1,"stat.useItem.minecraft.cooked_porkchop":16,"stat.mineBlock.minecraft.coal_ore":21,"stat.killEntity.Creeper":4,"stat.pickup.minecraft.shield":1,"stat.talkedToVillager":6,"stat.drop.spartanweaponry.greatsword_diamond":1,"stat.pickup.minecraft.string":11,"stat.drop.minecraft.log2":1,"stat.pickup.minecraft.furnace":1,"stat.entityKilledBy.Skeleton":9,"stat.craftItem.minecraft.stone_slab2":0,"stat.mineBlock.minecraft.stained_hardened_clay":10,"stat.sprintOneCm":254089,"stat.pickup.biomesoplenty.flower_0":1,"stat.mineBlock.biomesoplenty.flower_0":1,"stat.craftItem.minecraft.stick":16,"stat.pickup.mca.rose_gold_ore":8,"stat.mineBlock.minecraft.diamond_ore":73,"stat.mineBlock.biomesoplenty.mushroom":1,"stat.mineBlock.minecraft.crafting_table":3,"stat.pickup.cyberware.trenchcoat":1,"stat.useItem.minecraft.diamond_pickaxe":902,"stat.pickup.minecraft.emerald":2,"stat.pickup.minecraft.diamond_chestplate":1,"stat.pickup.dynamictrees.oakseed":1,"stat.deaths":17,"stat.mineBlock.minecraft.planks":18,"stat.drop":73,"stat.playOneMinute":273131,"stat.killEntity.Sheep":7,"stat.craftItem.minecraft.iron_pickaxe":1,"stat.craftItem.minecraft.diamond_pickaxe":3,"stat.killEntity.Zombie":19,"stat.drop.minecraft.torch":4,"stat.drop.minecraft.iron_ingot":3,"stat.pickup.cyberware.cybereyes":1,"stat.craftItem.minecraft.diamond_axe":1,"stat.mineBlock.minecraft.tallgrass":14,"stat.diveOneCm":40573,"stat.drop.minecraft.diamond_pickaxe":3,"stat.chestOpened":31,"stat.useItem.minecraft.stone":37,"stat.pickup.minecraft.gravel":8,"stat.pickup.minecraft.arrow":42,"stat.useItem.minecraft.diamond_axe":32,"stat.drop.minecraft.cooked_porkchop":37,"stat.pickup.minecraft.stone_brick_stairs":3,"stat.craftItem.minecraft.iron_nugget":36,"stat.jump":1774,"stat.pickup.minecraft.coal":22,"stat.fallOneCm":36727,"stat.pickup.minecraft.iron_ingot":11,"stat.pickup.minecraft.gunpowder":5,"stat.crouchOneCm":17384,"stat.pickup.cgm.chain_gun":1,"stat.pickup.minecraft.spider_eye":5,"stat.craftItem.minecraft.torch":28,"stat.craftItem.minecraft.iron_ingot":175,"stat.pickup.minecraft.dirt":35,"stat.craftItem.minecraft.iron_helmet":1,"stat.pickup.minecraft.red_mushroom":1,"stat.pickup.minecraft.iron_ore":140,"stat.craftingTableInteraction":21,"stat.mineBlock.mca.rose_gold_ore":8,"stat.pickup.minecraft.gold_ore":2,"stat.damageTaken":5982,"stat.mineBlock.minecraft.torch":14,"stat.mineBlock.minecraft.furnace":1,"stat.useItem.minecraft.furnace":8,"stat.pickup.rewired.necrolimb":2,"stat.mineBlock.biomesoplenty.plant_0":11,"stat.pickup.minecraft.log2":57,"stat.pickup.minecraft.dye":2,"stat.pickup.minecraft.planks":18,"stat.pickup.minecraft.wheat_seeds":20,"stat.pickup.minecraft.potato":1,"stat.pickup.minecraft.diamond_axe":2,"stat.entityKilledBy.Zombie":1,"stat.mineBlock.minecraft.gravel":6,"stat.useItem.minecraft.stone_pickaxe":14,"stat.damageDealt":12942,"stat.useItem.minecraft.wool":2,"stat.sleepInBed":13,"stat.mineBlock.minecraft.dirt":37,"stat.killEntity.cyberzombie":1,"stat.walkOneCm":605337,"stat.useItem.minecraft.torch":52,"stat.pickup.minecraft.stick":20,"stat.pickup.minecraft.diamond_pickaxe":2,"stat.drop.minecraft.rotten_flesh":1,"stat.pickup.minecraft.crafting_table":3,"stat.useItem.minecraft.cobblestone":173,"stat.craftItem.minecraft.crafting_table":5,"stat.useItem.minecraft.gravel":10,"stat.pickup.cgm.handgun":3,"stat.mineBlock.minecraft.emerald_ore":2,"stat.killEntity.cyberskeleton":5,"stat.drop.minecraft.diamond_axe":2,"stat.pickup.minecraft.log":6,"stat.craftItem.minecraft.diamond_boots":2,"stat.pickup.minecraft.stone":107,"stat.drop.minecraft.diamond_leggings":1,"stat.pickup.minecraft.ender_pearl":1,"stat.killEntity.Skeleton":31,"stat.mineBlock.minecraft.stonebrick":12,"stat.craftItem.minecraft.planks":247,"stat.killEntity.Spider":11,"stat.drop.cgm.handgun":6,"stat.drop.minecraft.diamond_boots":1,"stat.mobKills":82,"stat.useItem.minecraft.stonebrick":6,"stat.pickup.minecraft.diamond":75,"stat.pickup.minecraft.beetroot_seeds":19,"stat.mineBlock.minecraft.leaves":4,"stat.pickup.spartanweaponry.greatsword_diamond":1,"stat.pickup.minecraft.torch":26,"stat.mineBlock.minecraft.redstone_ore":2,"stat.sneakTime":6487,"stat.pickup.minecraft.wool":7,"stat.mineBlock.minecraft.stone":625,"stat.entityKilledBy.cyberskeleton":1,"stat.useItem.minecraft.sandstone":22}