{"stat.useItem.minecraft.bow":21,"stat.leaveGame":11,"stat.drop.minecraft.gunpowder":1,"stat.drop.cyberware.cybereyes":1,"stat.pickup.cyberware.bone_upgrades":1,"stat.drop.rewired.necrolimb":2,"stat.mineBlock.minecraft.stained_glass":13,"stat.useItem.minecraft.planks":418,"stat.mineBlock.minecraft.red_mushroom":1,"stat.useItem.minecraft.water_bucket":30,"stat.mineBlock.minecraft.stone_brick_stairs":1,"stat.pickup.minecraft.rotten_flesh":36,"stat.useItem.spartanweaponry.greatsword_diamond":193,"stat.entityKilledBy.Spider":2,"stat.pickup.minecraft.cobblestone_wall":5,"stat.killEntity.Enderman":2,"stat.pickup.biomesoplenty.mushroom":2,"stat.useItem.minecraft.ender_pearl":1,"stat.pickup.minecraft.brown_mushroom":1,"stat.pickup.rewired.shield.plasteel":1,"stat.killEntity.Witch":2,"stat.hopperInspected":10,"stat.useItem.minecraft.iron_pickaxe":27,"stat.drop.minecraft.diamond":5,"stat.useItem.minecraft.spawn_egg":1,"stat.pickup.minecraft.stained_hardened_clay":41,"stat.pickup.dynamictrees.darkoakseed":7,"stat.craftItem.minecraft.bed":1,"stat.drop.minecraft.diamond_chestplate":3,"stat.mineBlock.minecraft.vine":3,"stat.furnaceInteraction":47,"stat.drop.spartanweaponry.greatsword_diamond":1,"stat.pickup.minecraft.furnace":1,"stat.mineBlock.minecraft.stained_hardened_clay":50,"stat.pickup.biomesoplenty.flower_0":3,"stat.pickup.mca.rose_gold_ore":8,"stat.pickup.cyberware.trenchcoat":2,"stat.useItem.minecraft.hopper":2,"stat.pickup.minecraft.emerald":2,"stat.pickup.dynamictrees.oakseed":5,"stat.deaths":18,"stat.playOneMinute":345618,"stat.craftItem.minecraft.iron_pickaxe":1,"stat.pickup.minecraft.iron_bars":1,"stat.drop.minecraft.torch":4,"stat.drop.minecraft.iron_ingot":3,"stat.mineBlock.minecraft.tallgrass":16,"stat.chestOpened":68,"stat.useItem.minecraft.stone":37,"stat.pickup.minecraft.arrow":50,"stat.pickup.minecraft.waterlily":1,"stat.craftItem.minecraft.iron_nugget":135,"stat.fallOneCm":63526,"stat.crouchOneCm":38045,"stat.mineBlock.minecraft.chest":2,"stat.craftItem.minecraft.iron_ingot":175,"stat.craftItem.minecraft.chest":6,"stat.pickup.minecraft.red_mushroom":1,"stat.pickup.cgm.assault_rifle":1,"stat.craftItem.minecraft.hopper":4,"stat.craftingTableInteraction":29,"stat.useItem.minecraft.furnace":8,"stat.pickup.rewired.necrolimb":2,"stat.mineBlock.biomesoplenty.plant_0":14,"stat.pickup.minecraft.dye":2,"stat.pickup.minecraft.planks":30,"stat.pickup.minecraft.wheat_seeds":26,"stat.mineBlock.minecraft.gravel":6,"stat.useItem.minecraft.stone_pickaxe":14,"stat.mineBlock.minecraft.glass":4,"stat.useItem.minecraft.wool":2,"stat.mineBlock.minecraft.dirt":49,"stat.useItem.minecraft.torch":54,"stat.drop.minecraft.rotten_flesh":1,"stat.pickup.minecraft.crafting_table":3,"stat.useItem.minecraft.cobblestone":339,"stat.craftItem.minecraft.crafting_table":6,"stat.useItem.minecraft.gravel":10,"stat.mineBlock.minecraft.emerald_ore":2,"stat.killEntity.cyberskeleton":10,"stat.pickup.minecraft.log":6,"stat.pickup.minecraft.sapling":1,"stat.craftItem.minecraft.bucket":3,"stat.craftItem.minecraft.planks":567,"stat.useItem.minecraft.stonebrick":32,"stat.pickup.minecraft.book":3,"stat.mineBlock.minecraft.waterlily":1,"stat.pickup.spartanweaponry.greatsword_diamond":1,"stat.sneakTime":12224,"stat.pickup.minecraft.wool":9,"stat.mineBlock.minecraft.cobblestone_wall":6,"stat.pickup.minecraft.stone_slab":5,"stat.pickup.minecraft.chest":2,"stat.drop.minecraft.stone_pickaxe":1,"stat.craftItem.minecraft.diamond_chestplate":3,"stat.pickup.minecraft.bone":43,"stat.craftItem.minecraft.diamond_leggings":2,"stat.mineBlock.minecraft.cobblestone":26,"stat.pickup.minecraft.stone_pickaxe":1,"stat.pickup.cfm.modern_bed_bottom":1,"stat.pickup.minecraft.flint":1,"stat.mineBlock.minecraft.brown_mushroom":1,"stat.pickup.cyberware.katana":1,"stat.craftItem.minecraft.diamond_helmet":1,"stat.mineBlock.minecraft.stained_glass_pane":11,"stat.swimOneCm":23236,"stat.climbOneCm":56839,"stat.useItem.minecraft.dirt":40,"stat.useItem.minecraft.stone_slab2":54,"stat.pickup.minecraft.bow":2,"stat.craftItem.minecraft.furnace":9,"stat.pickup.minecraft.enchanting_table":2,"stat.craftItem.minecraft.trapdoor":2,"stat.pickup.minecraft.cobblestone":630,"stat.mineBlock.biomesoplenty.double_plant":1,"stat.flyOneCm":623154,"stat.pickup.minecraft.sandstone":17,"stat.pickup.cyberware.leg_upgrades":2,"stat.pickup.minecraft.redstone":10,"stat.mineBlock.minecraft.iron_ore":143,"stat.timeSinceDeath":11052,"stat.pickup.minecraft.mutton":10,"stat.pickup.cgm.basic_ammo":384,"stat.pickup.cyberware.brain_upgrades":1,"stat.pickup.minecraft.stonebrick":42,"stat.mineBlock.minecraft.enchanting_table":2,"stat.drop.minecraft.dirt":1,"stat.useItem.minecraft.cooked_porkchop":28,"stat.mineBlock.minecraft.coal_ore":21,"stat.killEntity.Creeper":7,"stat.pickup.minecraft.shield":1,"stat.talkedToVillager":6,"stat.pickup.minecraft.string":17,"stat.pickup.cgm.advanced_ammo":16,"stat.drop.minecraft.log2":1,"stat.entityKilledBy.Skeleton":9,"stat.craftItem.minecraft.stone_slab2":0,"stat.sprintOneCm":342306,"stat.mineBlock.biomesoplenty.flower_0":1,"stat.mineBlock.minecraft.stone_slab":3,"stat.craftItem.minecraft.stick":16,"stat.useItem.minecraft.stone_slab":4,"stat.mineBlock.minecraft.diamond_ore":73,"stat.mineBlock.biomesoplenty.mushroom":1,"stat.mineBlock.minecraft.crafting_table":3,"stat.useItem.minecraft.diamond_pickaxe":1045,"stat.pickup.cgm.grenade":2,"stat.pickup.minecraft.diamond_chestplate":1,"stat.mineBlock.minecraft.planks":36,"stat.drop":74,"stat.killEntity.Sheep":9,"stat.useItem.minecraft.ladder":1,"stat.craftItem.minecraft.diamond_pickaxe":3,"stat.killEntity.Zombie":37,"stat.pickup.minecraft.snowball":1,"stat.pickup.cyberware.cybereyes":1,"stat.craftItem.minecraft.diamond_axe":1,"stat.diveOneCm":63772,"stat.drop.minecraft.diamond_pickaxe":3,"stat.pickup.minecraft.gravel":8,"stat.useItem.minecraft.diamond_axe":55,"stat.drop.minecraft.cooked_porkchop":37,"stat.pickup.minecraft.stone_brick_stairs":3,"stat.jump":2637,"stat.pickup.minecraft.coal":22,"stat.pickup.minecraft.iron_ingot":11,"stat.pickup.minecraft.gunpowder":11,"stat.pickup.cgm.chain_gun":1,"stat.pickup.minecraft.spider_eye":5,"stat.craftItem.minecraft.torch":32,"stat.pickup.minecraft.dirt":57,"stat.craftItem.minecraft.iron_helmet":1,"stat.pickup.minecraft.iron_ore":140,"stat.mineBlock.mca.rose_gold_ore":8,"stat.pickup.minecraft.gold_ore":2,"stat.damageTaken":7351,"stat.mineBlock.minecraft.torch":14,"stat.mineBlock.minecraft.furnace":1,"stat.mineBlock.minecraft.sapling":1,"stat.pickup.minecraft.log2":57,"stat.pickup.minecraft.potato":2,"stat.pickup.minecraft.diamond_axe":2,"stat.entityKilledBy.Zombie":1,"stat.damageDealt":16191,"stat.sleepInBed":14,"stat.craftItem.minecraft.stone_slab":6,"stat.killEntity.cyberzombie":2,"stat.walkOneCm":767790,"stat.useItem.minecraft.chest":4,"stat.pickup.minecraft.stick":20,"stat.pickup.minecraft.diamond_pickaxe":2,"stat.pickup.cgm.handgun":3,"stat.drop.minecraft.diamond_axe":2,"stat.craftItem.minecraft.diamond_boots":2,"stat.pickup.minecraft.stone":107,"stat.drop.minecraft.diamond_leggings":1,"stat.useItem.minecraft.stained_hardened_clay":22,"stat.pickup.minecraft.ender_pearl":1,"stat.pickup.minecraft.ladder":2,"stat.killEntity.Skeleton":36,"stat.mineBlock.minecraft.stonebrick":49,"stat.killEntity.Spider":19,"stat.drop.cgm.handgun":6,"stat.drop.minecraft.diamond_boots":1,"stat.mobKills":125,"stat.mineBlock.minecraft.bookshelf":1,"stat.pickup.minecraft.diamond":75,"stat.pickup.minecraft.beetroot_seeds":19,"stat.mineBlock.minecraft.leaves":4,"stat.pickup.minecraft.torch":26,"stat.mineBlock.minecraft.redstone_ore":2,"stat.mineBlock.minecraft.stone":636,"stat.entityKilledBy.cyberskeleton":1,"stat.useItem.minecraft.sandstone":22}