{"stat.walkOneCm":85386,"stat.drop.minecraft.sugar":2,"stat.pickup.cyberware.brain_upgrades":1,"stat.pickup.cyberware.surgery":1,"stat.leaveGame":1,"stat.pickup.minecraft.crafting_table":2,"stat.drop.cyberware.body_part":1,"stat.useItem.srparasites.itemmobspawner_inhoos":3,"stat.useItem.srparasites.itemmobspawner_fersheep":1,"stat.pickup.minecraft.log":1,"stat.jump":294,"stat.fallOneCm":2510,"stat.useItem.srparasites.itemmobspawner_ferenderman":1,"stat.crouchOneCm":1075,"stat.useItem.srparasites.itemmobspawner_infdragone":1,"stat.useItem.minecraft.obsidian":16,"stat.pickup.minecraft.dirt":36,"stat.useItem.minecraft.dirt":46,"stat.sprintOneCm":14137,"stat.pickup.cyberware.cyberlimbs":2,"stat.useItem.minecraft.stone_slab2":127,"stat.pickup.minecraft.rotten_flesh":6,"stat.pickup.cyberware.charger":2,"stat.entityKilledBy.Spider":1,"stat.useItem.cyberware.charger":1,"stat.useItem.minecraft.flint_and_steel":1,"stat.damageTaken":758,"stat.pickup.cyberware.cybereye_upgrades":64,"stat.mobKills":14,"stat.pickup.minecraft.cobblestone":5,"stat.pickup.minecraft.dye":127,"stat.pickup.cyberware.lower_organs_upgrades":1,"stat.pickup.minecraft.spawn_egg":1,"stat.pickup.minecraft.sugar":3,"stat.flyOneCm":314072,"stat.deaths":5,"stat.pickup.minecraft.wheat_seeds":1,"stat.drop":3,"stat.playOneMinute":64667,"stat.killEntity.Witch":1,"stat.pickup.cyberware.engineering_table":1,"stat.useItem.srparasites.itemmobspawner_inhoom":3,"stat.sneakTime":695,"stat.useItem.minecraft.stone_sword":2,"stat.damageDealt":543,"stat.pickup.minecraft.redstone":2,"stat.killEntity.Zombie":1,"stat.timeSinceDeath":25638,"stat.mineBlock.minecraft.dirt":1,"stat.useItem.minecraft.spawn_egg":17}