{"stat.chestOpened":1,"stat.drop.minecraft.stone_pickaxe":1,"stat.craftItem.minecraft.diamond_chestplate":1,"stat.pickup.minecraft.bone":2,"stat.leaveGame":5,"stat.pickup.minecraft.gravel":1,"stat.pickup.minecraft.arrow":2,"stat.mineBlock.minecraft.cobblestone":2,"stat.pickup.minecraft.stone_pickaxe":1,"stat.drop.minecraft.cooked_porkchop":30,"stat.jump":410,"stat.swimOneCm":8469,"stat.pickup.minecraft.coal":21,"stat.fallOneCm":9492,"stat.climbOneCm":64,"stat.pickup.minecraft.iron_ingot":8,"stat.crouchOneCm":1307,"stat.craftItem.minecraft.torch":8,"stat.pickup.minecraft.dirt":3,"stat.useItem.minecraft.dirt":3,"stat.craftItem.minecraft.iron_helmet":1,"stat.pickup.minecraft.red_mushroom":1,"stat.useItem.minecraft.stone_slab2":6,"stat.mineBlock.minecraft.red_mushroom":1,"stat.pickup.minecraft.iron_ore":11,"stat.craftingTableInteraction":11,"stat.pickup.minecraft.rotten_flesh":2,"stat.craftItem.minecraft.furnace":1,"stat.mineBlock.mca.rose_gold_ore":8,"stat.pickup.minecraft.gold_ore":2,"stat.entityKilledBy.Spider":2,"stat.damageTaken":1776,"stat.mineBlock.minecraft.torch":6,"stat.pickup.minecraft.cobblestone":223,"stat.mineBlock.biomesoplenty.plant_0":11,"stat.pickup.minecraft.log2":8,"stat.flyOneCm":113465,"stat.pickup.minecraft.sandstone":17,"stat.pickup.biomesoplenty.mushroom":2,"stat.pickup.minecraft.wheat_seeds":20,"stat.mineBlock.minecraft.gravel":1,"stat.useItem.minecraft.stone_pickaxe":14,"stat.damageDealt":341,"stat.mineBlock.minecraft.iron_ore":10,"stat.timeSinceDeath":45146,"stat.mineBlock.minecraft.dirt":1,"stat.useItem.minecraft.iron_pickaxe":27,"stat.drop.minecraft.diamond":4,"stat.pickup.dynamictrees.darkoakseed":1,"stat.walkOneCm":112028,"stat.useItem.minecraft.torch":14,"stat.pickup.minecraft.stick":10,"stat.pickup.cgm.basic_ammo":64,"stat.pickup.minecraft.diamond_pickaxe":2,"stat.drop.minecraft.diamond_chestplate":2,"stat.drop.minecraft.rotten_flesh":1,"stat.pickup.minecraft.crafting_table":1,"stat.useItem.minecraft.cobblestone":30,"stat.craftItem.minecraft.crafting_table":2,"stat.furnaceInteraction":6,"stat.useItem.minecraft.cooked_porkchop":2,"stat.pickup.cgm.handgun":3,"stat.mineBlock.minecraft.coal_ore":21,"stat.mineBlock.minecraft.emerald_ore":1,"stat.pickup.minecraft.log":1,"stat.drop.minecraft.log2":1,"stat.entityKilledBy.Skeleton":2,"stat.pickup.minecraft.stone":20,"stat.sprintOneCm":38820,"stat.pickup.biomesoplenty.flower_0":1,"stat.mineBlock.biomesoplenty.flower_0":1,"stat.craftItem.minecraft.stick":8,"stat.pickup.mca.rose_gold_ore":8,"stat.craftItem.minecraft.planks":20,"stat.mineBlock.minecraft.diamond_ore":44,"stat.mineBlock.biomesoplenty.mushroom":1,"stat.mineBlock.minecraft.crafting_table":1,"stat.drop.cgm.handgun":6,"stat.useItem.minecraft.diamond_pickaxe":230,"stat.pickup.minecraft.emerald":1,"stat.pickup.minecraft.diamond_chestplate":1,"stat.deaths":6,"stat.drop":48,"stat.pickup.minecraft.diamond":46,"stat.pickup.minecraft.beetroot_seeds":19,"stat.playOneMinute":70115,"stat.pickup.minecraft.torch":6,"stat.sneakTime":888,"stat.craftItem.minecraft.iron_pickaxe":1,"stat.craftItem.minecraft.diamond_pickaxe":2,"stat.killEntity.Zombie":1,"stat.mineBlock.minecraft.stone":176,"stat.mineBlock.minecraft.tallgrass":14,"stat.diveOneCm":7311,"stat.drop.minecraft.diamond_pickaxe":3,"stat.useItem.minecraft.sandstone":22}