{"stat.walkOneCm":14869,"stat.entityKilledBy.mutantbeasts.mutant_skeleton":1,"stat.pickup.minecraft.stick":3,"stat.craftItem.minecraft.planks":4,"stat.leaveGame":3,"stat.damageTaken":1080,"stat.mineBlock.biomesoplenty.plant_0":11,"stat.pickup.minecraft.log2":2,"stat.flyOneCm":37493,"stat.deaths":4,"stat.pickup.minecraft.wheat_seeds":3,"stat.drop":1,"stat.jump":195,"stat.swimOneCm":5426,"stat.playOneMinute":16700,"stat.fallOneCm":5726,"stat.drop.minecraft.log2":1,"stat.climbOneCm":64,"stat.sneakTime":292,"stat.entityKilledBy.Skeleton":2,"stat.damageDealt":63,"stat.crouchOneCm":17,"stat.timeSinceDeath":6023,"stat.entityKilledBy.mutantbeasts.mutant_zombie":1,"stat.pickup.minecraft.dirt":1,"stat.sprintOneCm":17307,"stat.mineBlock.minecraft.dirt":1,"stat.pickup.biomesoplenty.flower_0":1,"stat.mineBlock.biomesoplenty.flower_0":1,"stat.mineBlock.minecraft.tallgrass":14,"stat.diveOneCm":7311}