{"stat.chestOpened":1,"stat.drop.minecraft.stone_pickaxe":1,"stat.craftItem.minecraft.diamond_chestplate":3,"stat.pickup.minecraft.bone":2,"stat.craftItem.minecraft.diamond_leggings":2,"stat.leaveGame":5,"stat.pickup.minecraft.gravel":7,"stat.pickup.minecraft.arrow":2,"stat.mineBlock.minecraft.cobblestone":4,"stat.pickup.minecraft.stone_pickaxe":1,"stat.pickup.minecraft.flint":1,"stat.craftItem.minecraft.diamond_helmet":1,"stat.drop.minecraft.cooked_porkchop":37,"stat.jump":462,"stat.swimOneCm":8469,"stat.pickup.minecraft.coal":21,"stat.fallOneCm":9492,"stat.climbOneCm":64,"stat.pickup.minecraft.iron_ingot":8,"stat.crouchOneCm":1630,"stat.craftItem.minecraft.torch":12,"stat.pickup.minecraft.dirt":3,"stat.useItem.minecraft.dirt":3,"stat.craftItem.minecraft.iron_helmet":1,"stat.pickup.minecraft.red_mushroom":1,"stat.useItem.minecraft.stone_slab2":9,"stat.mineBlock.minecraft.red_mushroom":1,"stat.pickup.minecraft.iron_ore":32,"stat.craftingTableInteraction":19,"stat.pickup.minecraft.rotten_flesh":2,"stat.craftItem.minecraft.furnace":1,"stat.mineBlock.mca.rose_gold_ore":8,"stat.pickup.minecraft.gold_ore":2,"stat.entityKilledBy.Spider":2,"stat.damageTaken":1776,"stat.mineBlock.minecraft.torch":11,"stat.pickup.minecraft.cobblestone":412,"stat.mineBlock.biomesoplenty.plant_0":11,"stat.pickup.minecraft.log2":8,"stat.flyOneCm":114204,"stat.pickup.minecraft.sandstone":17,"stat.pickup.biomesoplenty.mushroom":2,"stat.pickup.minecraft.wheat_seeds":20,"stat.mineBlock.minecraft.gravel":5,"stat.useItem.minecraft.stone_pickaxe":14,"stat.damageDealt":474,"stat.pickup.minecraft.redstone":10,"stat.mineBlock.minecraft.iron_ore":31,"stat.timeSinceDeath":70346,"stat.mineBlock.minecraft.dirt":1,"stat.useItem.minecraft.iron_pickaxe":27,"stat.drop.minecraft.diamond":5,"stat.pickup.dynamictrees.darkoakseed":1,"stat.walkOneCm":172587,"stat.useItem.minecraft.torch":23,"stat.pickup.minecraft.stick":10,"stat.pickup.cgm.basic_ammo":64,"stat.pickup.minecraft.diamond_pickaxe":2,"stat.drop.minecraft.diamond_chestplate":3,"stat.drop.minecraft.rotten_flesh":1,"stat.pickup.minecraft.crafting_table":1,"stat.useItem.minecraft.cobblestone":54,"stat.craftItem.minecraft.crafting_table":4,"stat.furnaceInteraction":8,"stat.useItem.minecraft.gravel":2,"stat.useItem.minecraft.cooked_porkchop":2,"stat.pickup.cgm.handgun":3,"stat.mineBlock.minecraft.coal_ore":21,"stat.mineBlock.minecraft.emerald_ore":2,"stat.pickup.minecraft.log":1,"stat.craftItem.minecraft.diamond_boots":2,"stat.drop.minecraft.log2":1,"stat.entityKilledBy.Skeleton":2,"stat.pickup.minecraft.stone":70,"stat.drop.minecraft.diamond_leggings":1,"stat.sprintOneCm":40573,"stat.pickup.biomesoplenty.flower_0":1,"stat.mineBlock.biomesoplenty.flower_0":1,"stat.craftItem.minecraft.stick":16,"stat.pickup.mca.rose_gold_ore":8,"stat.craftItem.minecraft.planks":32,"stat.mineBlock.minecraft.diamond_ore":73,"stat.mineBlock.biomesoplenty.mushroom":1,"stat.mineBlock.minecraft.crafting_table":1,"stat.drop.cgm.handgun":6,"stat.useItem.minecraft.diamond_pickaxe":504,"stat.pickup.minecraft.emerald":2,"stat.pickup.minecraft.diamond_chestplate":1,"stat.drop.minecraft.diamond_boots":1,"stat.deaths":6,"stat.drop":63,"stat.pickup.minecraft.diamond":75,"stat.pickup.minecraft.beetroot_seeds":19,"stat.playOneMinute":95315,"stat.pickup.minecraft.torch":18,"stat.mineBlock.minecraft.redstone_ore":2,"stat.sneakTime":977,"stat.craftItem.minecraft.iron_pickaxe":1,"stat.craftItem.minecraft.diamond_pickaxe":3,"stat.killEntity.Zombie":1,"stat.drop.minecraft.torch":4,"stat.craftItem.minecraft.diamond_axe":1,"stat.mineBlock.minecraft.stone":387,"stat.mineBlock.minecraft.tallgrass":14,"stat.diveOneCm":7311,"stat.drop.minecraft.diamond_pickaxe":3,"stat.useItem.minecraft.sandstone":22}