{"stat.pickup.minecraft.sand":1,"stat.walkOneCm":22334,"stat.entityKilledBy.Spider":3,"stat.leaveGame":2,"stat.damageTaken":2470,"stat.mineBlock.biomesoplenty.plant_0":2,"stat.flyOneCm":24970,"stat.deaths":9,"stat.pickup.minecraft.wheat_seeds":1,"stat.jump":173,"stat.swimOneCm":782,"stat.playOneMinute":8410,"stat.fallOneCm":5160,"stat.entityKilledBy.Zombie":6,"stat.sneakTime":327,"stat.damageDealt":28,"stat.crouchOneCm":1028,"stat.timeSinceDeath":1825,"stat.useItem.minecraft.written_book":2,"stat.pickup.minecraft.dirt":26,"stat.useItem.minecraft.dirt":18,"stat.sprintOneCm":7481,"stat.useItem.minecraft.stone_slab2":1,"stat.mineBlock.minecraft.tallgrass":4,"stat.diveOneCm":6263}