{"stat.chestOpened":1,"stat.drop.minecraft.stone_pickaxe":1,"stat.pickup.minecraft.bone":2,"stat.leaveGame":5,"stat.pickup.minecraft.arrow":2,"stat.mineBlock.minecraft.cobblestone":2,"stat.pickup.minecraft.stone_pickaxe":1,"stat.drop.minecraft.cooked_porkchop":30,"stat.jump":370,"stat.swimOneCm":8284,"stat.pickup.minecraft.coal":21,"stat.fallOneCm":8178,"stat.climbOneCm":64,"stat.pickup.minecraft.iron_ingot":8,"stat.crouchOneCm":535,"stat.craftItem.minecraft.torch":8,"stat.pickup.minecraft.dirt":3,"stat.useItem.minecraft.dirt":3,"stat.craftItem.minecraft.iron_helmet":1,"stat.pickup.minecraft.red_mushroom":1,"stat.useItem.minecraft.stone_slab2":1,"stat.mineBlock.minecraft.red_mushroom":1,"stat.pickup.minecraft.iron_ore":11,"stat.craftingTableInteraction":6,"stat.pickup.minecraft.rotten_flesh":2,"stat.craftItem.minecraft.furnace":1,"stat.pickup.minecraft.gold_ore":2,"stat.entityKilledBy.Spider":2,"stat.damageTaken":1776,"stat.mineBlock.minecraft.torch":4,"stat.pickup.minecraft.cobblestone":44,"stat.mineBlock.biomesoplenty.plant_0":11,"stat.pickup.minecraft.log2":8,"stat.flyOneCm":111128,"stat.pickup.minecraft.sandstone":17,"stat.pickup.minecraft.wheat_seeds":20,"stat.useItem.minecraft.stone_pickaxe":14,"stat.damageDealt":341,"stat.mineBlock.minecraft.iron_ore":10,"stat.timeSinceDeath":32546,"stat.mineBlock.minecraft.dirt":1,"stat.useItem.minecraft.iron_pickaxe":27,"stat.drop.minecraft.diamond":4,"stat.pickup.dynamictrees.darkoakseed":1,"stat.walkOneCm":89437,"stat.useItem.minecraft.torch":11,"stat.pickup.minecraft.stick":10,"stat.pickup.cgm.basic_ammo":64,"stat.drop.minecraft.rotten_flesh":1,"stat.pickup.minecraft.crafting_table":1,"stat.useItem.minecraft.cobblestone":22,"stat.craftItem.minecraft.crafting_table":1,"stat.furnaceInteraction":6,"stat.useItem.minecraft.cooked_porkchop":2,"stat.pickup.cgm.handgun":1,"stat.mineBlock.minecraft.coal_ore":21,"stat.mineBlock.minecraft.emerald_ore":1,"stat.pickup.minecraft.log":1,"stat.drop.minecraft.log2":1,"stat.entityKilledBy.Skeleton":2,"stat.pickup.minecraft.stone":2,"stat.sprintOneCm":37728,"stat.pickup.biomesoplenty.flower_0":1,"stat.mineBlock.biomesoplenty.flower_0":1,"stat.craftItem.minecraft.stick":8,"stat.craftItem.minecraft.planks":20,"stat.mineBlock.minecraft.diamond_ore":16,"stat.mineBlock.minecraft.crafting_table":1,"stat.drop.cgm.handgun":4,"stat.useItem.minecraft.diamond_pickaxe":57,"stat.pickup.minecraft.emerald":1,"stat.deaths":6,"stat.drop":41,"stat.pickup.minecraft.diamond":18,"stat.pickup.minecraft.beetroot_seeds":19,"stat.playOneMinute":57515,"stat.pickup.minecraft.torch":4,"stat.sneakTime":626,"stat.craftItem.minecraft.iron_pickaxe":1,"stat.craftItem.minecraft.diamond_pickaxe":1,"stat.killEntity.Zombie":1,"stat.mineBlock.minecraft.stone":41,"stat.mineBlock.minecraft.tallgrass":14,"stat.diveOneCm":7311,"stat.useItem.minecraft.sandstone":22}