{"stat.pickup.minecraft.rotten_flesh":6,"stat.pickup.cyberware.charger":1,"stat.walkOneCm":33605,"stat.useItem.cyberware.charger":1,"stat.pickup.cyberware.brain_upgrades":1,"stat.pickup.cyberware.surgery":1,"stat.damageTaken":295,"stat.useItem.srparasites.itemmobspawner_fersheep":1,"stat.pickup.cyberware.cybereye_upgrades":64,"stat.mobKills":4,"stat.pickup.cyberware.lower_organs_upgrades":1,"stat.pickup.minecraft.log":1,"stat.flyOneCm":23696,"stat.deaths":3,"stat.jump":149,"stat.playOneMinute":35451,"stat.fallOneCm":945,"stat.pickup.cyberware.engineering_table":1,"stat.sneakTime":288,"stat.useItem.minecraft.stone_sword":2,"stat.damageDealt":462,"stat.crouchOneCm":364,"stat.killEntity.Zombie":1,"stat.timeSinceDeath":8847,"stat.pickup.minecraft.dirt":14,"stat.useItem.minecraft.dirt":46,"stat.mineBlock.minecraft.dirt":1,"stat.sprintOneCm":8658,"stat.pickup.cyberware.cyberlimbs":2,"stat.useItem.minecraft.stone_slab2":50,"stat.useItem.minecraft.spawn_egg":12}