{"stat.chestOpened":1,"stat.drop.minecraft.stone_pickaxe":1,"stat.craftItem.minecraft.diamond_chestplate":3,"stat.pickup.minecraft.bone":4,"stat.craftItem.minecraft.diamond_leggings":2,"stat.useItem.minecraft.stone":28,"stat.leaveGame":5,"stat.pickup.minecraft.gravel":7,"stat.pickup.minecraft.arrow":3,"stat.mineBlock.minecraft.cobblestone":4,"stat.pickup.minecraft.stone_pickaxe":1,"stat.useItem.minecraft.diamond_axe":13,"stat.pickup.minecraft.flint":1,"stat.mineBlock.minecraft.brown_mushroom":1,"stat.craftItem.minecraft.diamond_helmet":1,"stat.drop.minecraft.cooked_porkchop":37,"stat.jump":548,"stat.swimOneCm":8779,"stat.pickup.minecraft.coal":22,"stat.fallOneCm":9492,"stat.climbOneCm":64,"stat.pickup.minecraft.iron_ingot":11,"stat.crouchOneCm":2133,"stat.craftItem.minecraft.torch":12,"stat.pickup.minecraft.dirt":3,"stat.useItem.minecraft.dirt":3,"stat.craftItem.minecraft.iron_helmet":1,"stat.pickup.minecraft.red_mushroom":1,"stat.useItem.minecraft.stone_slab2":16,"stat.mineBlock.minecraft.red_mushroom":1,"stat.pickup.minecraft.iron_ore":32,"stat.craftingTableInteraction":19,"stat.pickup.minecraft.rotten_flesh":2,"stat.craftItem.minecraft.furnace":1,"stat.mineBlock.mca.rose_gold_ore":8,"stat.pickup.minecraft.gold_ore":2,"stat.entityKilledBy.Spider":2,"stat.damageTaken":1829,"stat.mineBlock.minecraft.torch":11,"stat.mineBlock.minecraft.furnace":1,"stat.pickup.minecraft.cobblestone":422,"stat.mineBlock.biomesoplenty.plant_0":11,"stat.pickup.minecraft.log2":57,"stat.flyOneCm":447487,"stat.pickup.minecraft.sandstone":17,"stat.pickup.biomesoplenty.mushroom":2,"stat.pickup.minecraft.wheat_seeds":20,"stat.pickup.minecraft.brown_mushroom":1,"stat.killEntity.Witch":1,"stat.pickup.minecraft.diamond_axe":2,"stat.mineBlock.minecraft.gravel":5,"stat.useItem.minecraft.stone_pickaxe":14,"stat.damageDealt":1261,"stat.pickup.minecraft.redstone":10,"stat.mineBlock.minecraft.iron_ore":31,"stat.sleepInBed":3,"stat.timeSinceDeath":107246,"stat.mineBlock.minecraft.dirt":1,"stat.useItem.minecraft.iron_pickaxe":27,"stat.drop.minecraft.diamond":5,"stat.useItem.minecraft.spawn_egg":1,"stat.pickup.dynamictrees.darkoakseed":7,"stat.walkOneCm":247038,"stat.useItem.minecraft.torch":30,"stat.pickup.minecraft.stick":18,"stat.pickup.cgm.basic_ammo":64,"stat.pickup.minecraft.diamond_pickaxe":2,"stat.drop.minecraft.diamond_chestplate":3,"stat.drop.minecraft.rotten_flesh":1,"stat.pickup.minecraft.crafting_table":3,"stat.useItem.minecraft.cobblestone":62,"stat.craftItem.minecraft.crafting_table":4,"stat.furnaceInteraction":8,"stat.useItem.minecraft.gravel":8,"stat.useItem.minecraft.cooked_porkchop":2,"stat.pickup.cgm.handgun":3,"stat.mineBlock.minecraft.coal_ore":21,"stat.killEntity.Creeper":1,"stat.mineBlock.minecraft.emerald_ore":2,"stat.killEntity.cyberskeleton":1,"stat.drop.minecraft.diamond_axe":2,"stat.pickup.minecraft.log":1,"stat.craftItem.minecraft.diamond_boots":2,"stat.drop.minecraft.log2":1,"stat.pickup.minecraft.furnace":1,"stat.entityKilledBy.Skeleton":2,"stat.pickup.minecraft.stone":74,"stat.drop.minecraft.diamond_leggings":1,"stat.sprintOneCm":48151,"stat.pickup.biomesoplenty.flower_0":1,"stat.mineBlock.biomesoplenty.flower_0":1,"stat.craftItem.minecraft.stick":16,"stat.pickup.mca.rose_gold_ore":8,"stat.killEntity.Skeleton":1,"stat.craftItem.minecraft.planks":32,"stat.mineBlock.minecraft.diamond_ore":73,"stat.mineBlock.biomesoplenty.mushroom":1,"stat.mineBlock.minecraft.crafting_table":3,"stat.drop.cgm.handgun":6,"stat.useItem.minecraft.diamond_pickaxe":526,"stat.pickup.minecraft.emerald":2,"stat.pickup.minecraft.diamond_chestplate":1,"stat.drop.minecraft.diamond_boots":1,"stat.mobKills":5,"stat.deaths":6,"stat.drop":65,"stat.pickup.minecraft.diamond":75,"stat.pickup.minecraft.beetroot_seeds":19,"stat.playOneMinute":132215,"stat.pickup.minecraft.torch":18,"stat.mineBlock.minecraft.redstone_ore":2,"stat.sneakTime":1504,"stat.craftItem.minecraft.iron_pickaxe":1,"stat.craftItem.minecraft.diamond_pickaxe":3,"stat.killEntity.Zombie":2,"stat.drop.minecraft.torch":4,"stat.craftItem.minecraft.diamond_axe":1,"stat.mineBlock.minecraft.stone":401,"stat.mineBlock.minecraft.tallgrass":14,"stat.diveOneCm":8551,"stat.drop.minecraft.diamond_pickaxe":3,"stat.useItem.minecraft.sandstone":22}