{"stat.chestOpened":3,"stat.walkOneCm":97608,"stat.pickup.dynamictrees.birchseed":5,"stat.pickup.minecraft.stick":7,"stat.leaveGame":2,"stat.pickup.minecraft.crafting_table":2,"stat.mineBlock.minecraft.cobblestone":8,"stat.craftItem.minecraft.crafting_table":1,"stat.killEntity.Guard":1,"stat.furnaceInteraction":1,"stat.mineBlock.minecraft.double_plant":1,"stat.killEntity.ZombieVillager":1,"stat.pickup.minecraft.log":13,"stat.swimOneCm":1507,"stat.jump":580,"stat.useItem.minecraft.sand":5,"stat.useItem.dynamictrees.birchseed":1,"stat.pickup.tektopia.structure_townhall":1,"stat.fallOneCm":15757,"stat.useItem.minecraft.planks":5,"stat.pickup.minecraft.carrot":10,"stat.drop.dynamictrees.birchseed":3,"stat.pickup.minecraft.porkchop":3,"stat.pickup.minecraft.gunpowder":2,"stat.crouchOneCm":1616,"stat.pickup.minecraft.chicken":1,"stat.useItem.minecraft.written_book":2,"stat.killEntity.Squid":1,"stat.pickup.minecraft.dirt":26,"stat.useItem.minecraft.dirt":18,"stat.sprintOneCm":49769,"stat.pickup.minecraft.wooden_door":1,"stat.useItem.minecraft.stone_slab2":14,"stat.craftItem.minecraft.stick":8,"stat.craftItem.minecraft.wooden_axe":1,"stat.craftingTableInteraction":4,"stat.pickup.minecraft.rotten_flesh":4,"stat.pickup.minecraft.sand":10,"stat.craftItem.minecraft.furnace":1,"stat.entityKilledBy.Spider":4,"stat.craftItem.minecraft.planks":52,"stat.killEntity.Chicken":1,"stat.damageTaken":3040,"stat.mineBlock.minecraft.crafting_table":2,"stat.pickup.minecraft.feather":2,"stat.mineBlock.minecraft.torch":1,"stat.useItem.minecraft.wooden_pickaxe":8,"stat.useItem.minecraft.carrot":4,"stat.mobKills":12,"stat.pickup.minecraft.cobblestone":8,"stat.pickup.dynamictrees.oakseed":3,"stat.mineBlock.biomesoplenty.plant_0":11,"stat.pickup.minecraft.dye":3,"stat.flyOneCm":105032,"stat.pickup.minecraft.bed":7,"stat.deaths":11,"stat.pickup.minecraft.wheat_seeds":7,"stat.drop":3,"stat.pickup.minecraft.egg":1,"stat.mineBlock.minecraft.sand":9,"stat.playOneMinute":32710,"stat.entityKilledBy.Zombie":6,"stat.useItem.minecraft.wooden_sword":64,"stat.pickup.minecraft.torch":1,"stat.killEntity.Sheep":3,"stat.sneakTime":673,"stat.pickup.minecraft.wool":3,"stat.damageDealt":1784,"stat.sleepInBed":1,"stat.killEntity.Zombie":4,"stat.timeSinceDeath":2135,"stat.useItem.minecraft.wooden_axe":3,"stat.craftItem.minecraft.wooden_pickaxe":1,"stat.killEntity.Pig":1,"stat.mineBlock.minecraft.tallgrass":7,"stat.diveOneCm":10776,"stat.pickup.minecraft.mutton":3,"stat.pickup.minecraft.wheat":3}