{"stat.pickup.dynamictrees.acaciaseed":3,"stat.chestOpened":1,"stat.pickup.minecraft.sand":3,"stat.walkOneCm":14668,"stat.useItem.dynamictrees.acaciaseed":1,"stat.pickup.minecraft.stick":7,"stat.craftItem.minecraft.planks":16,"stat.leaveGame":1,"stat.useItem.minecraft.log2":2,"stat.damageTaken":180,"stat.useItem.minecraft.carrot":5,"stat.mobKills":6,"stat.mineBlock.biomesoplenty.plant_0":4,"stat.pickup.minecraft.log2":6,"stat.flyOneCm":36042,"stat.pickup.minecraft.wheat_seeds":1,"stat.swimOneCm":525,"stat.mineBlock.minecraft.sand":3,"stat.jump":218,"stat.mineBlock.minecraft.leaves":1,"stat.playOneMinute":9595,"stat.fallOneCm":5207,"stat.climbOneCm":536,"stat.useItem.minecraft.planks":6,"stat.killEntity.Sheep":6,"stat.sneakTime":2,"stat.pickup.minecraft.carrot":5,"stat.pickup.minecraft.wool":6,"stat.damageDealt":471,"stat.crouchOneCm":15,"stat.timeSinceDeath":9595,"stat.useItem.minecraft.wooden_axe":25,"stat.sprintOneCm":30373,"stat.useItem.minecraft.stone_slab2":4,"stat.mineBlock.minecraft.tallgrass":8,"stat.pickup.minecraft.mutton":9}