{"stat.chestOpened":1,"stat.pickup.dynamictrees.acaciaseed":3,"stat.pickup.minecraft.bone":3,"stat.useItem.minecraft.stone":12,"stat.useItem.minecraft.iron_axe":29,"stat.leaveGame":1,"stat.pickup.minecraft.gravel":2,"stat.useItem.minecraft.log2":2,"stat.craftItem.minecraft.cooked_porkchop":3,"stat.pickup.familiarfauna.snail_shell":1,"stat.craftItem.minecraft.iron_axe":1,"stat.useItem.minecraft.rotten_flesh":8,"stat.useItem.minecraft.mutton":11,"stat.jump":825,"stat.swimOneCm":3305,"stat.pickup.minecraft.coal":28,"stat.fallOneCm":16208,"stat.climbOneCm":980,"stat.useItem.minecraft.planks":6,"stat.pickup.minecraft.carrot":5,"stat.useItem.minecraft.stone_axe":2,"stat.pickup.minecraft.porkchop":3,"stat.crouchOneCm":3847,"stat.pickup.minecraft.spider_eye":1,"stat.craftItem.minecraft.iron_ingot":46,"stat.craftItem.minecraft.torch":8,"stat.drop.biomesoplenty.mushroom":2,"stat.pickup.minecraft.dirt":5,"stat.useItem.minecraft.dirt":4,"stat.craftItem.minecraft.iron_helmet":1,"stat.useItem.minecraft.stone_slab2":20,"stat.craftingTableInteraction":19,"stat.pickup.minecraft.iron_ore":56,"stat.pickup.minecraft.rotten_flesh":8,"stat.pickup.cyberware.foot_upgrades":1,"stat.pickup.minecraft.sand":3,"stat.craftItem.minecraft.furnace":1,"stat.mineBlock.mca.rose_gold_ore":4,"stat.useItem.dynamictrees.acaciaseed":1,"stat.pickup.minecraft.gold_ore":6,"stat.mineBlock.minecraft.lapis_ore":1,"stat.craftItem.minecraft.stone_axe":1,"stat.craftItem.minecraft.iron_boots":1,"stat.damageTaken":1601,"stat.craftItem.minecraft.stone_pickaxe":2,"stat.mineBlock.minecraft.furnace":2,"stat.useItem.minecraft.wooden_pickaxe":35,"stat.pickup.minecraft.cobblestone":177,"stat.mineBlock.biomesoplenty.plant_0":12,"stat.pickup.minecraft.log2":6,"stat.pickup.minecraft.dye":7,"stat.craftItem.minecraft.stone_sword":1,"stat.flyOneCm":132577,"stat.pickup.biomesoplenty.mushroom":2,"stat.pickup.minecraft.wheat_seeds":3,"stat.pickup.minecraft.brown_mushroom":2,"stat.mineBlock.minecraft.sand":3,"stat.killEntity.familiarfauna.snail":1,"stat.entityKilledBy.Zombie":1,"stat.mineBlock.biomesoplenty.gem_ore":2,"stat.mineBlock.minecraft.gravel":2,"stat.useItem.minecraft.stone_pickaxe":172,"stat.useItem.minecraft.stone_sword":72,"stat.craftItem.minecraft.iron_leggings":1,"stat.damageDealt":2920,"stat.mineBlock.minecraft.iron_ore":57,"stat.timeSinceDeath":25128,"stat.killEntity.Cow":1,"stat.mineBlock.minecraft.dirt":5,"stat.useItem.minecraft.iron_pickaxe":134,"stat.killEntity.Pig":1,"stat.pickup.minecraft.mutton":13,"stat.killEntity.cyberzombie":1,"stat.walkOneCm":92949,"stat.useItem.minecraft.torch":17,"stat.pickup.minecraft.stick":7,"stat.pickup.minecraft.crafting_table":3,"stat.useItem.minecraft.cobblestone":2,"stat.craftItem.minecraft.crafting_table":1,"stat.furnaceInteraction":28,"stat.useItem.minecraft.cooked_porkchop":3,"stat.useItem.minecraft.gold_ore":1,"stat.mineBlock.minecraft.coal_ore":28,"stat.pickup.minecraft.string":2,"stat.pickup.minecraft.beef":1,"stat.pickup.minecraft.iron_pickaxe":1,"stat.pickup.minecraft.furnace":2,"stat.useItem.minecraft.cooked_mutton":1,"stat.craftItem.minecraft.stone_slab2":0,"stat.pickup.minecraft.stone":19,"stat.craftItem.minecraft.iron_chestplate":1,"stat.sprintOneCm":108815,"stat.craftItem.minecraft.stick":4,"stat.pickup.mca.rose_gold_ore":4,"stat.pickup.biomesoplenty.gem":2,"stat.craftItem.minecraft.planks":16,"stat.mineBlock.minecraft.diamond_ore":9,"stat.mineBlock.biomesoplenty.mushroom":2,"stat.killEntity.Spider":2,"stat.pickup.cyberware.trenchcoat":2,"stat.mineBlock.minecraft.crafting_table":3,"stat.useItem.minecraft.carrot":5,"stat.mobKills":23,"stat.deaths":3,"stat.pickup.minecraft.diamond":9,"stat.drop":2,"stat.mineBlock.minecraft.leaves":1,"stat.pickup.minecraft.beetroot_seeds":1,"stat.playOneMinute":47395,"stat.killEntity.Sheep":8,"stat.sneakTime":1073,"stat.craftItem.minecraft.iron_pickaxe":1,"stat.pickup.minecraft.wool":8,"stat.killEntity.Zombie":8,"stat.useItem.minecraft.wooden_axe":37,"stat.mineBlock.minecraft.stone":197,"stat.mineBlock.minecraft.gold_ore":6,"stat.mineBlock.minecraft.tallgrass":18,"stat.craftItem.minecraft.cooked_mutton":2,"stat.diveOneCm":3680,"stat.entityKilledBy.cyberskeleton":2}