{"stat.chestOpened":1,"stat.pickup.dynamictrees.acaciaseed":3,"stat.pickup.minecraft.bone":1,"stat.useItem.minecraft.stone":12,"stat.useItem.minecraft.iron_axe":9,"stat.leaveGame":1,"stat.pickup.minecraft.gravel":2,"stat.useItem.minecraft.log2":2,"stat.craftItem.minecraft.cooked_porkchop":1,"stat.pickup.familiarfauna.snail_shell":1,"stat.craftItem.minecraft.iron_axe":1,"stat.useItem.minecraft.rotten_flesh":1,"stat.useItem.minecraft.mutton":11,"stat.jump":700,"stat.swimOneCm":1883,"stat.pickup.minecraft.coal":21,"stat.fallOneCm":13600,"stat.climbOneCm":980,"stat.useItem.minecraft.planks":6,"stat.pickup.minecraft.carrot":5,"stat.useItem.minecraft.stone_axe":2,"stat.pickup.minecraft.porkchop":3,"stat.crouchOneCm":1874,"stat.craftItem.minecraft.iron_ingot":15,"stat.pickup.minecraft.dirt":5,"stat.useItem.minecraft.dirt":4,"stat.useItem.minecraft.stone_slab2":15,"stat.craftingTableInteraction":12,"stat.pickup.minecraft.iron_ore":15,"stat.pickup.minecraft.rotten_flesh":6,"stat.pickup.cyberware.foot_upgrades":1,"stat.pickup.minecraft.sand":3,"stat.craftItem.minecraft.furnace":1,"stat.mineBlock.mca.rose_gold_ore":3,"stat.useItem.dynamictrees.acaciaseed":1,"stat.craftItem.minecraft.stone_axe":1,"stat.damageTaken":1255,"stat.craftItem.minecraft.stone_pickaxe":2,"stat.mineBlock.minecraft.furnace":1,"stat.useItem.minecraft.wooden_pickaxe":35,"stat.pickup.minecraft.cobblestone":126,"stat.mineBlock.biomesoplenty.plant_0":12,"stat.pickup.minecraft.log2":6,"stat.craftItem.minecraft.stone_sword":1,"stat.flyOneCm":122172,"stat.pickup.biomesoplenty.mushroom":1,"stat.pickup.minecraft.wheat_seeds":3,"stat.mineBlock.minecraft.sand":3,"stat.killEntity.familiarfauna.snail":1,"stat.entityKilledBy.Zombie":1,"stat.mineBlock.minecraft.gravel":2,"stat.useItem.minecraft.stone_pickaxe":172,"stat.useItem.minecraft.stone_sword":72,"stat.damageDealt":2262,"stat.mineBlock.minecraft.iron_ore":15,"stat.timeSinceDeath":12528,"stat.killEntity.Cow":1,"stat.mineBlock.minecraft.dirt":5,"stat.useItem.minecraft.iron_pickaxe":4,"stat.killEntity.Pig":1,"stat.pickup.minecraft.mutton":13,"stat.killEntity.cyberzombie":1,"stat.walkOneCm":66440,"stat.useItem.minecraft.torch":11,"stat.pickup.minecraft.stick":7,"stat.pickup.minecraft.crafting_table":3,"stat.craftItem.minecraft.crafting_table":1,"stat.furnaceInteraction":12,"stat.useItem.minecraft.cooked_porkchop":1,"stat.mineBlock.minecraft.coal_ore":22,"stat.pickup.minecraft.string":1,"stat.pickup.minecraft.beef":1,"stat.pickup.minecraft.iron_pickaxe":1,"stat.pickup.minecraft.furnace":1,"stat.craftItem.minecraft.stone_slab2":0,"stat.pickup.minecraft.stone":13,"stat.craftItem.minecraft.iron_chestplate":1,"stat.sprintOneCm":93293,"stat.craftItem.minecraft.stick":4,"stat.pickup.mca.rose_gold_ore":3,"stat.craftItem.minecraft.planks":16,"stat.mineBlock.biomesoplenty.mushroom":1,"stat.killEntity.Spider":1,"stat.pickup.cyberware.trenchcoat":2,"stat.mineBlock.minecraft.crafting_table":3,"stat.useItem.minecraft.carrot":5,"stat.mobKills":18,"stat.deaths":3,"stat.mineBlock.minecraft.leaves":1,"stat.pickup.minecraft.beetroot_seeds":1,"stat.playOneMinute":34795,"stat.killEntity.Sheep":8,"stat.sneakTime":527,"stat.craftItem.minecraft.iron_pickaxe":1,"stat.pickup.minecraft.wool":8,"stat.killEntity.Zombie":5,"stat.useItem.minecraft.wooden_axe":37,"stat.mineBlock.minecraft.stone":139,"stat.mineBlock.minecraft.tallgrass":18,"stat.diveOneCm":3680,"stat.entityKilledBy.cyberskeleton":2}