{"stat.chestOpened":1,"stat.pickup.dynamictrees.acaciaseed":3,"stat.killEntity.cyberzombie":1,"stat.walkOneCm":46106,"stat.pickup.minecraft.stick":7,"stat.leaveGame":1,"stat.pickup.minecraft.gravel":2,"stat.useItem.minecraft.log2":2,"stat.pickup.minecraft.crafting_table":1,"stat.pickup.familiarfauna.snail_shell":1,"stat.craftItem.minecraft.crafting_table":1,"stat.pickup.minecraft.string":1,"stat.useItem.minecraft.mutton":11,"stat.jump":521,"stat.swimOneCm":1883,"stat.fallOneCm":11030,"stat.climbOneCm":980,"stat.useItem.minecraft.planks":6,"stat.pickup.minecraft.beef":1,"stat.pickup.minecraft.carrot":5,"stat.useItem.minecraft.stone_axe":1,"stat.pickup.minecraft.porkchop":3,"stat.crouchOneCm":476,"stat.pickup.minecraft.dirt":5,"stat.sprintOneCm":68957,"stat.useItem.minecraft.stone_slab2":7,"stat.craftItem.minecraft.stick":4,"stat.craftingTableInteraction":1,"stat.pickup.minecraft.rotten_flesh":5,"stat.pickup.cyberware.foot_upgrades":1,"stat.pickup.minecraft.sand":3,"stat.useItem.dynamictrees.acaciaseed":1,"stat.craftItem.minecraft.planks":16,"stat.craftItem.minecraft.stone_axe":1,"stat.damageTaken":1054,"stat.killEntity.Spider":1,"stat.pickup.cyberware.trenchcoat":2,"stat.mineBlock.minecraft.crafting_table":1,"stat.craftItem.minecraft.stone_pickaxe":1,"stat.useItem.minecraft.carrot":5,"stat.useItem.minecraft.wooden_pickaxe":35,"stat.mobKills":17,"stat.pickup.minecraft.cobblestone":19,"stat.mineBlock.biomesoplenty.plant_0":10,"stat.pickup.minecraft.log2":6,"stat.craftItem.minecraft.stone_sword":1,"stat.flyOneCm":99057,"stat.deaths":2,"stat.pickup.minecraft.wheat_seeds":3,"stat.mineBlock.minecraft.sand":3,"stat.mineBlock.minecraft.leaves":1,"stat.pickup.minecraft.beetroot_seeds":1,"stat.playOneMinute":22195,"stat.killEntity.familiarfauna.snail":1,"stat.mineBlock.minecraft.gravel":2,"stat.killEntity.Sheep":8,"stat.useItem.minecraft.stone_pickaxe":14,"stat.sneakTime":111,"stat.useItem.minecraft.stone_sword":67,"stat.pickup.minecraft.wool":8,"stat.damageDealt":2010,"stat.killEntity.Zombie":4,"stat.timeSinceDeath":1711,"stat.useItem.minecraft.wooden_axe":37,"stat.killEntity.Cow":1,"stat.mineBlock.minecraft.dirt":5,"stat.mineBlock.minecraft.stone":19,"stat.killEntity.Pig":1,"stat.mineBlock.minecraft.tallgrass":18,"stat.pickup.minecraft.mutton":13,"stat.diveOneCm":3680,"stat.entityKilledBy.cyberskeleton":2}