{"stat.walkOneCm":10499,"stat.pickup.dynamictrees.birchseed":2,"stat.pickup.minecraft.stick":2,"stat.craftItem.minecraft.planks":24,"stat.leaveGame":1,"stat.damageTaken":125,"stat.craftItem.minecraft.crafting_table":1,"stat.useItem.minecraft.wooden_pickaxe":56,"stat.pickup.minecraft.cobblestone":48,"stat.mineBlock.biomesoplenty.plant_0":4,"stat.pickup.minecraft.log":6,"stat.flyOneCm":17691,"stat.jump":113,"stat.swimOneCm":1865,"stat.playOneMinute":26141,"stat.fallOneCm":2150,"stat.sneakTime":1356,"stat.pickup.minecraft.stone":3,"stat.crouchOneCm":737,"stat.timeSinceDeath":26141,"stat.pickup.minecraft.dirt":17,"stat.useItem.minecraft.dirt":4,"stat.mineBlock.minecraft.stained_hardened_clay":1,"stat.sprintOneCm":7124,"stat.mineBlock.minecraft.dirt":17,"stat.useItem.minecraft.stone_slab2":3,"stat.pickup.minecraft.stained_hardened_clay":1,"stat.craftItem.minecraft.wooden_pickaxe":1,"stat.mineBlock.minecraft.stone":53,"stat.mineBlock.minecraft.tallgrass":3,"stat.diveOneCm":10131,"stat.craftItem.minecraft.stick":4,"stat.craftingTableInteraction":1}