{"stat.pickup.minecraft.bone":1,"stat.useItem.minecraft.stone":3,"stat.useItem.minecraft.iron_axe":1,"stat.leaveGame":1,"stat.pickup.minecraft.arrow":1,"stat.entityKilledBy.Witch":1,"stat.craftItem.minecraft.iron_axe":1,"stat.mineBlock.minecraft.brown_mushroom":1,"stat.craftItem.minecraft.coal":1,"stat.useItem.minecraft.rotten_flesh":1,"stat.jump":943,"stat.swimOneCm":8990,"stat.pickup.minecraft.coal":118,"stat.fallOneCm":29757,"stat.climbOneCm":560,"stat.craftItem.minecraft.shield":1,"stat.drop.minecraft.stone":2,"stat.useItem.minecraft.stone_axe":39,"stat.crouchOneCm":1266,"stat.craftItem.minecraft.torch":4,"stat.craftItem.minecraft.iron_ingot":38,"stat.useItem.minecraft.dirt":8,"stat.pickup.minecraft.dirt":23,"stat.craftItem.minecraft.iron_helmet":1,"stat.useItem.minecraft.stone_slab2":13,"stat.craftingTableInteraction":9,"stat.pickup.minecraft.iron_ore":38,"stat.pickup.minecraft.rotten_flesh":3,"stat.pickup.cyberware.jacket":1,"stat.craftItem.minecraft.furnace":7,"stat.craftItem.minecraft.stone_axe":1,"stat.craftItem.minecraft.iron_boots":1,"stat.damageTaken":5192,"stat.craftItem.minecraft.stone_pickaxe":1,"stat.mineBlock.minecraft.furnace":7,"stat.mineBlock.minecraft.torch":3,"stat.useItem.minecraft.wooden_pickaxe":59,"stat.useItem.minecraft.furnace":7,"stat.pickup.minecraft.cobblestone":72,"stat.mineBlock.biomesoplenty.plant_0":12,"stat.pickup.minecraft.reeds":8,"stat.flyOneCm":157577,"stat.pickup.minecraft.bed":1,"stat.pickup.minecraft.brown_mushroom":1,"stat.pickup.minecraft.wheat_seeds":1,"stat.entityKilledBy.Zombie":1,"stat.drop.minecraft.wheat_seeds":1,"stat.useItem.minecraft.stone_pickaxe":132,"stat.craftItem.minecraft.iron_leggings":1,"stat.damageDealt":2584,"stat.mineBlock.minecraft.iron_ore":38,"stat.timeSinceDeath":8056,"stat.useItem.biomesoplenty.berries":7,"stat.mineBlock.minecraft.dirt":26,"stat.useItem.minecraft.iron_pickaxe":9,"stat.pickup.minecraft.stained_hardened_clay":1,"stat.craftItem.minecraft.wooden_pickaxe":1,"stat.pickup.minecraft.mutton":15,"stat.craftItem.minecraft.iron_sword":1,"stat.walkOneCm":70916,"stat.craftItem.minecraft.bed":1,"stat.useItem.minecraft.torch":3,"stat.pickup.dynamictrees.birchseed":5,"stat.pickup.minecraft.stick":8,"stat.pickup.minecraft.crafting_table":3,"stat.useItem.minecraft.cobblestone":2,"stat.craftItem.minecraft.crafting_table":2,"stat.furnaceInteraction":54,"stat.mineBlock.minecraft.coal_ore":64,"stat.pickup.minecraft.log":10,"stat.pickup.minecraft.furnace":7,"stat.entityKilledBy.Skeleton":5,"stat.craftItem.minecraft.stone_slab2":0,"stat.pickup.minecraft.stone":8,"stat.craftItem.minecraft.iron_chestplate":1,"stat.mineBlock.minecraft.stained_hardened_clay":1,"stat.sprintOneCm":89624,"stat.craftItem.minecraft.stick":4,"stat.entityKilledBy.mutantbeasts.mutant_skeleton":8,"stat.craftItem.minecraft.planks":24,"stat.useItem.minecraft.iron_sword":2,"stat.craftItem.minecraft.stone":3,"stat.mineBlock.minecraft.crafting_table":3,"stat.killEntity.Spider":1,"stat.pickup.biomesoplenty.berries":7,"stat.mobKills":15,"stat.deaths":18,"stat.drop":4,"stat.playOneMinute":62578,"stat.pickup.minecraft.torch":3,"stat.killEntity.Sheep":9,"stat.craftItem.minecraft.iron_pickaxe":1,"stat.sneakTime":2110,"stat.pickup.minecraft.wool":8,"stat.killEntity.Zombie":5,"stat.drop.minecraft.arrow":1,"stat.mineBlock.minecraft.stone":82,"stat.mineBlock.minecraft.tallgrass":7,"stat.craftItem.minecraft.cooked_mutton":12,"stat.entityKilledBy.cyberskeleton":3,"stat.diveOneCm":39417,"stat.pickup.minecraft.cooked_mutton":1}