{"stat.walkOneCm":56093,"stat.pickup.dynamictrees.birchseed":5,"stat.pickup.minecraft.stick":8,"stat.leaveGame":1,"stat.pickup.minecraft.crafting_table":2,"stat.useItem.minecraft.cobblestone":2,"stat.craftItem.minecraft.crafting_table":2,"stat.furnaceInteraction":2,"stat.entityKilledBy.Witch":1,"stat.mineBlock.minecraft.coal_ore":64,"stat.mineBlock.minecraft.brown_mushroom":1,"stat.craftItem.minecraft.coal":1,"stat.pickup.minecraft.log":10,"stat.useItem.minecraft.rotten_flesh":1,"stat.jump":654,"stat.swimOneCm":7199,"stat.pickup.minecraft.coal":64,"stat.fallOneCm":15794,"stat.climbOneCm":542,"stat.pickup.minecraft.furnace":1,"stat.entityKilledBy.Skeleton":1,"stat.useItem.minecraft.stone_axe":39,"stat.craftItem.minecraft.stone_slab2":0,"stat.pickup.minecraft.stone":6,"stat.crouchOneCm":1266,"stat.craftItem.minecraft.torch":4,"stat.pickup.minecraft.dirt":22,"stat.useItem.minecraft.dirt":8,"stat.mineBlock.minecraft.stained_hardened_clay":1,"stat.sprintOneCm":65742,"stat.useItem.minecraft.stone_slab2":8,"stat.craftItem.minecraft.stick":4,"stat.craftingTableInteraction":3,"stat.pickup.minecraft.iron_ore":38,"stat.pickup.minecraft.rotten_flesh":3,"stat.pickup.cyberware.jacket":1,"stat.craftItem.minecraft.furnace":5,"stat.entityKilledBy.mutantbeasts.mutant_skeleton":2,"stat.craftItem.minecraft.planks":24,"stat.craftItem.minecraft.stone_axe":1,"stat.damageTaken":2412,"stat.mineBlock.minecraft.crafting_table":2,"stat.killEntity.Spider":1,"stat.pickup.biomesoplenty.berries":7,"stat.craftItem.minecraft.stone_pickaxe":1,"stat.mineBlock.minecraft.furnace":1,"stat.useItem.minecraft.wooden_pickaxe":56,"stat.useItem.minecraft.furnace":1,"stat.pickup.minecraft.cobblestone":62,"stat.mobKills":14,"stat.mineBlock.biomesoplenty.plant_0":12,"stat.pickup.minecraft.reeds":8,"stat.flyOneCm":107793,"stat.deaths":8,"stat.pickup.minecraft.brown_mushroom":1,"stat.playOneMinute":49978,"stat.entityKilledBy.Zombie":1,"stat.useItem.minecraft.stone_pickaxe":127,"stat.killEntity.Sheep":8,"stat.sneakTime":2080,"stat.pickup.minecraft.wool":8,"stat.damageDealt":2504,"stat.mineBlock.minecraft.iron_ore":38,"stat.killEntity.Zombie":5,"stat.timeSinceDeath":0,"stat.useItem.biomesoplenty.berries":7,"stat.mineBlock.minecraft.dirt":25,"stat.pickup.minecraft.stained_hardened_clay":1,"stat.craftItem.minecraft.wooden_pickaxe":1,"stat.mineBlock.minecraft.stone":70,"stat.mineBlock.minecraft.tallgrass":7,"stat.diveOneCm":19411,"stat.entityKilledBy.cyberskeleton":3,"stat.pickup.minecraft.mutton":13}