{
  "cfm:root": {
    "criteria": {
      "tick": "2024-07-16 01:33:20 +0000"
    },
    "done": true
  },
  "cfm:install": {
    "criteria": {
      "tick": "2024-07-16 01:33:20 +0000"
    },
    "done": true
  },
  "minecraft:adventure/adventuring_time": {
    "criteria": {
      "forest": "2024-07-16 01:34:45 +0000",
      "desert_hills": "2024-07-16 01:34:33 +0000",
      "plains": "2024-07-16 01:33:19 +0000",
      "river": "2024-07-16 01:34:16 +0000",
      "desert": "2024-07-16 01:34:22 +0000"
    },
    "done": false
  }
}